exercise_id,source_language,target_language,direction,source_text,reference_translation,accepted_alternatives_json,jlpt_level,difficulty,topic_tags,situation_tags,grammar_tags,particle_tags,vocabulary_tags,kanji_tags,verb_tags,adjective_tags,counter_tags,register,communicative_function,tense_aspect,polarity,sentence_type,pedagogical_notes,ambiguity_notes,core_exercise,active,dataset_version
JAES-N5-MORE-0001,ja,es,ja_es,月曜日七時に起きます。,Me levanto a las siete el lunes.,[],N5,2,rutina|tiempo,casa,polite_present|particle_ni,に,,,,,,cortés,describir_rutina,presente,afirmativa,declarativa,Práctica JLPT N5 contextualizada.,,false,true,3.0
ESJA-N5-MORE-0001,es,ja,es_ja,Me levanto a las siete el lunes.,月曜日七時に起きます。,[],N5,2,rutina|tiempo,casa,polite_present|particle_ni,に,,,,,,cortés,describir_rutina,presente,afirmativa,declarativa,Práctica JLPT N5 contextualizada.,,false,true,3.0
JAES-N5-MORE-0002,ja,es,ja_es,火曜日八時半に起きます。,Me levanto a las ocho y media el martes.,[],N5,3,rutina|tiempo,casa,polite_present|particle_ni,に,,,,,,cortés,describir_rutina,presente,afirmativa,declarativa,Práctica JLPT N5 contextualizada.,,false,true,3.0
ESJA-N5-MORE-0002,es,ja,es_ja,Me levanto a las ocho y media el martes.,火曜日八時半に起きます。,[],N5,3,rutina|tiempo,casa,polite_present|particle_ni,に,,,,,,cortés,describir_rutina,presente,afirmativa,declarativa,Práctica JLPT N5 contextualizada.,,false,true,3.0
JAES-N5-MORE-0003,ja,es,ja_es,水曜日九時に起きます。,Me levanto a las nueve el miércoles.,[],N5,4,rutina|tiempo,casa,polite_present|particle_ni,に,,,,,,cortés,describir_rutina,presente,afirmativa,declarativa,Práctica JLPT N5 contextualizada.,,false,true,3.0
ESJA-N5-MORE-0003,es,ja,es_ja,Me levanto a las nueve el miércoles.,水曜日九時に起きます。,[],N5,4,rutina|tiempo,casa,polite_present|particle_ni,に,,,,,,cortés,describir_rutina,presente,afirmativa,declarativa,Práctica JLPT N5 contextualizada.,,false,true,3.0
JAES-N5-MORE-0004,ja,es,ja_es,木曜日十時半に起きます。,Me levanto a las diez y media el jueves.,[],N5,1,rutina|tiempo,casa,polite_present|particle_ni,に,,,,,,cortés,describir_rutina,presente,afirmativa,declarativa,Práctica JLPT N5 contextualizada.,,false,true,3.0
ESJA-N5-MORE-0004,es,ja,es_ja,Me levanto a las diez y media el jueves.,木曜日十時半に起きます。,[],N5,1,rutina|tiempo,casa,polite_present|particle_ni,に,,,,,,cortés,describir_rutina,presente,afirmativa,declarativa,Práctica JLPT N5 contextualizada.,,false,true,3.0
JAES-N5-MORE-0005,ja,es,ja_es,金曜日十一時に起きます。,Me levanto a las once el viernes.,[],N5,2,rutina|tiempo,casa,polite_present|particle_ni,に,,,,,,cortés,describir_rutina,presente,afirmativa,declarativa,Práctica JLPT N5 contextualizada.,,false,true,3.0
ESJA-N5-MORE-0005,es,ja,es_ja,Me levanto a las once el viernes.,金曜日十一時に起きます。,[],N5,2,rutina|tiempo,casa,polite_present|particle_ni,に,,,,,,cortés,describir_rutina,presente,afirmativa,declarativa,Práctica JLPT N5 contextualizada.,,false,true,3.0
JAES-N5-MORE-0006,ja,es,ja_es,土曜日十二時に起きます。,Me levanto a las doce el sábado.,[],N5,3,rutina|tiempo,casa,polite_present|particle_ni,に,,,,,,cortés,describir_rutina,presente,afirmativa,declarativa,Práctica JLPT N5 contextualizada.,,false,true,3.0
ESJA-N5-MORE-0006,es,ja,es_ja,Me levanto a las doce el sábado.,土曜日十二時に起きます。,[],N5,3,rutina|tiempo,casa,polite_present|particle_ni,に,,,,,,cortés,describir_rutina,presente,afirmativa,declarativa,Práctica JLPT N5 contextualizada.,,false,true,3.0
JAES-N5-MORE-0007,ja,es,ja_es,日曜日一時半に起きます。,Me levanto a la una y media el domingo.,[],N5,4,rutina|tiempo,casa,polite_present|particle_ni,に,,,,,,cortés,describir_rutina,presente,afirmativa,declarativa,Práctica JLPT N5 contextualizada.,,false,true,3.0
ESJA-N5-MORE-0007,es,ja,es_ja,Me levanto a la una y media el domingo.,日曜日一時半に起きます。,[],N5,4,rutina|tiempo,casa,polite_present|particle_ni,に,,,,,,cortés,describir_rutina,presente,afirmativa,declarativa,Práctica JLPT N5 contextualizada.,,false,true,3.0
JAES-N5-MORE-0008,ja,es,ja_es,毎朝三時に起きます。,Me levanto a las tres cada mañana.,[],N5,1,rutina|tiempo,casa,polite_present|particle_ni,に,,,,,,cortés,describir_rutina,presente,afirmativa,declarativa,Práctica JLPT N5 contextualizada.,,false,true,3.0
ESJA-N5-MORE-0008,es,ja,es_ja,Me levanto a las tres cada mañana.,毎朝三時に起きます。,[],N5,1,rutina|tiempo,casa,polite_present|particle_ni,に,,,,,,cortés,describir_rutina,presente,afirmativa,declarativa,Práctica JLPT N5 contextualizada.,,false,true,3.0
JAES-N5-MORE-0009,ja,es,ja_es,毎晩五時半に起きます。,Me levanto a las cinco y media cada noche.,[],N5,2,rutina|tiempo,casa,polite_present|particle_ni,に,,,,,,cortés,describir_rutina,presente,afirmativa,declarativa,Práctica JLPT N5 contextualizada.,,false,true,3.0
ESJA-N5-MORE-0009,es,ja,es_ja,Me levanto a las cinco y media cada noche.,毎晩五時半に起きます。,[],N5,2,rutina|tiempo,casa,polite_present|particle_ni,に,,,,,,cortés,describir_rutina,presente,afirmativa,declarativa,Práctica JLPT N5 contextualizada.,,false,true,3.0
JAES-N5-MORE-0010,ja,es,ja_es,週末六時に起きます。,Me levanto a las seis el fin de semana.,[],N5,3,rutina|tiempo,casa,polite_present|particle_ni,に,,,,,,cortés,describir_rutina,presente,afirmativa,declarativa,Práctica JLPT N5 contextualizada.,,true,true,3.0
ESJA-N5-MORE-0010,es,ja,es_ja,Me levanto a las seis el fin de semana.,週末六時に起きます。,[],N5,3,rutina|tiempo,casa,polite_present|particle_ni,に,,,,,,cortés,describir_rutina,presente,afirmativa,declarativa,Práctica JLPT N5 contextualizada.,,true,true,3.0
JAES-N5-MORE-0011,ja,es,ja_es,歩いて学校へ行きます。,Voy a la escuela andando.,[],N5,4,viaje|transporte,desplazamiento,movement_particles,へ|で,,,,,,cortés,desplazarse,presente,afirmativa,declarativa,Práctica JLPT N5 contextualizada.,,false,true,3.0
ESJA-N5-MORE-0011,es,ja,es_ja,Voy a la escuela andando.,歩いて学校へ行きます。,[],N5,4,viaje|transporte,desplazamiento,movement_particles,へ|で,,,,,,cortés,desplazarse,presente,afirmativa,declarativa,Práctica JLPT N5 contextualizada.,,false,true,3.0
JAES-N5-MORE-0012,ja,es,ja_es,自転車で図書館へ行きます。,Voy a la biblioteca en bicicleta.,[],N5,1,viaje|transporte,desplazamiento,movement_particles,へ|で,,,,,,cortés,desplazarse,presente,afirmativa,declarativa,Práctica JLPT N5 contextualizada.,,false,true,3.0
ESJA-N5-MORE-0012,es,ja,es_ja,Voy a la biblioteca en bicicleta.,自転車で図書館へ行きます。,[],N5,1,viaje|transporte,desplazamiento,movement_particles,へ|で,,,,,,cortés,desplazarse,presente,afirmativa,declarativa,Práctica JLPT N5 contextualizada.,,false,true,3.0
JAES-N5-MORE-0013,ja,es,ja_es,バスで駅へ行きます。,Voy a la estación en autobús.,[],N5,2,viaje|transporte,desplazamiento,movement_particles,へ|で,,,,,,cortés,desplazarse,presente,afirmativa,declarativa,Práctica JLPT N5 contextualizada.,,false,true,3.0
ESJA-N5-MORE-0013,es,ja,es_ja,Voy a la estación en autobús.,バスで駅へ行きます。,[],N5,2,viaje|transporte,desplazamiento,movement_particles,へ|で,,,,,,cortés,desplazarse,presente,afirmativa,declarativa,Práctica JLPT N5 contextualizada.,,false,true,3.0
JAES-N5-MORE-0014,ja,es,ja_es,電車で公園へ行きます。,Voy al parque en tren.,[],N5,3,viaje|transporte,desplazamiento,movement_particles,へ|で,,,,,,cortés,desplazarse,presente,afirmativa,declarativa,Práctica JLPT N5 contextualizada.,,false,true,3.0
ESJA-N5-MORE-0014,es,ja,es_ja,Voy al parque en tren.,電車で公園へ行きます。,[],N5,3,viaje|transporte,desplazamiento,movement_particles,へ|で,,,,,,cortés,desplazarse,presente,afirmativa,declarativa,Práctica JLPT N5 contextualizada.,,false,true,3.0
JAES-N5-MORE-0015,ja,es,ja_es,地下鉄で会社へ行きます。,Voy a la oficina en metro.,[],N5,4,viaje|transporte,desplazamiento,movement_particles,へ|で,,,,,,cortés,desplazarse,presente,afirmativa,declarativa,Práctica JLPT N5 contextualizada.,,false,true,3.0
ESJA-N5-MORE-0015,es,ja,es_ja,Voy a la oficina en metro.,地下鉄で会社へ行きます。,[],N5,4,viaje|transporte,desplazamiento,movement_particles,へ|で,,,,,,cortés,desplazarse,presente,afirmativa,declarativa,Práctica JLPT N5 contextualizada.,,false,true,3.0
JAES-N5-MORE-0016,ja,es,ja_es,タクシーで銀行へ行きます。,Voy al banco en taxi.,[],N5,1,viaje|transporte,desplazamiento,movement_particles,へ|で,,,,,,cortés,desplazarse,presente,afirmativa,declarativa,Práctica JLPT N5 contextualizada.,,false,true,3.0
ESJA-N5-MORE-0016,es,ja,es_ja,Voy al banco en taxi.,タクシーで銀行へ行きます。,[],N5,1,viaje|transporte,desplazamiento,movement_particles,へ|で,,,,,,cortés,desplazarse,presente,afirmativa,declarativa,Práctica JLPT N5 contextualizada.,,false,true,3.0
JAES-N5-MORE-0017,ja,es,ja_es,車で郵便局へ行きます。,Voy a correos en coche.,[],N5,2,viaje|transporte,desplazamiento,movement_particles,へ|で,,,,,,cortés,desplazarse,presente,afirmativa,declarativa,Práctica JLPT N5 contextualizada.,,false,true,3.0
ESJA-N5-MORE-0017,es,ja,es_ja,Voy a correos en coche.,車で郵便局へ行きます。,[],N5,2,viaje|transporte,desplazamiento,movement_particles,へ|で,,,,,,cortés,desplazarse,presente,afirmativa,declarativa,Práctica JLPT N5 contextualizada.,,false,true,3.0
JAES-N5-MORE-0018,ja,es,ja_es,新幹線で病院へ行きます。,Voy al hospital en tren bala.,[],N5,3,viaje|transporte,desplazamiento,movement_particles,へ|で,,,,,,cortés,desplazarse,presente,afirmativa,declarativa,Práctica JLPT N5 contextualizada.,,false,true,3.0
ESJA-N5-MORE-0018,es,ja,es_ja,Voy al hospital en tren bala.,新幹線で病院へ行きます。,[],N5,3,viaje|transporte,desplazamiento,movement_particles,へ|で,,,,,,cortés,desplazarse,presente,afirmativa,declarativa,Práctica JLPT N5 contextualizada.,,false,true,3.0
JAES-N5-MORE-0019,ja,es,ja_es,飛行機でスーパーへ行きます。,Voy al supermercado en avión.,[],N5,4,viaje|transporte,desplazamiento,movement_particles,へ|で,,,,,,cortés,desplazarse,presente,afirmativa,declarativa,Práctica JLPT N5 contextualizada.,,false,true,3.0
ESJA-N5-MORE-0019,es,ja,es_ja,Voy al supermercado en avión.,飛行機でスーパーへ行きます。,[],N5,4,viaje|transporte,desplazamiento,movement_particles,へ|で,,,,,,cortés,desplazarse,presente,afirmativa,declarativa,Práctica JLPT N5 contextualizada.,,false,true,3.0
JAES-N5-MORE-0020,ja,es,ja_es,船でレストランへ行きます。,Voy al restaurante en barco.,[],N5,1,viaje|transporte,desplazamiento,movement_particles,へ|で,,,,,,cortés,desplazarse,presente,afirmativa,declarativa,Práctica JLPT N5 contextualizada.,,true,true,3.0
ESJA-N5-MORE-0020,es,ja,es_ja,Voy al restaurante en barco.,船でレストランへ行きます。,[],N5,1,viaje|transporte,desplazamiento,movement_particles,へ|で,,,,,,cortés,desplazarse,presente,afirmativa,declarativa,Práctica JLPT N5 contextualizada.,,true,true,3.0
JAES-N5-MORE-0021,ja,es,ja_es,学校に本があります。,Hay un libro en la escuela.,[],N5,2,lugares,ciudad,existence_aru,に|が,,,,,,cortés,describir_lugar,presente,afirmativa,declarativa,Práctica JLPT N5 contextualizada.,,false,true,3.0
ESJA-N5-MORE-0021,es,ja,es_ja,Hay un libro en la escuela.,学校に本があります。,[],N5,2,lugares,ciudad,existence_aru,に|が,,,,,,cortés,describir_lugar,presente,afirmativa,declarativa,Práctica JLPT N5 contextualizada.,,false,true,3.0
JAES-N5-MORE-0022,ja,es,ja_es,図書館に新聞があります。,Hay un periódico en la biblioteca.,[],N5,3,lugares,ciudad,existence_aru,に|が,,,,,,cortés,describir_lugar,presente,afirmativa,declarativa,Práctica JLPT N5 contextualizada.,,false,true,3.0
ESJA-N5-MORE-0022,es,ja,es_ja,Hay un periódico en la biblioteca.,図書館に新聞があります。,[],N5,3,lugares,ciudad,existence_aru,に|が,,,,,,cortés,describir_lugar,presente,afirmativa,declarativa,Práctica JLPT N5 contextualizada.,,false,true,3.0
JAES-N5-MORE-0023,ja,es,ja_es,駅に手紙があります。,Hay un carta en la estación.,[],N5,4,lugares,ciudad,existence_aru,に|が,,,,,,cortés,describir_lugar,presente,afirmativa,declarativa,Práctica JLPT N5 contextualizada.,,false,true,3.0
ESJA-N5-MORE-0023,es,ja,es_ja,Hay un carta en la estación.,駅に手紙があります。,[],N5,4,lugares,ciudad,existence_aru,に|が,,,,,,cortés,describir_lugar,presente,afirmativa,declarativa,Práctica JLPT N5 contextualizada.,,false,true,3.0
JAES-N5-MORE-0024,ja,es,ja_es,公園に写真があります。,Hay un foto en el parque.,[],N5,1,lugares,ciudad,existence_aru,に|が,,,,,,cortés,describir_lugar,presente,afirmativa,declarativa,Práctica JLPT N5 contextualizada.,,false,true,3.0
ESJA-N5-MORE-0024,es,ja,es_ja,Hay un foto en el parque.,公園に写真があります。,[],N5,1,lugares,ciudad,existence_aru,に|が,,,,,,cortés,describir_lugar,presente,afirmativa,declarativa,Práctica JLPT N5 contextualizada.,,false,true,3.0
JAES-N5-MORE-0025,ja,es,ja_es,会社に切符があります。,Hay un billete en la oficina.,[],N5,2,lugares,ciudad,existence_aru,に|が,,,,,,cortés,describir_lugar,presente,afirmativa,declarativa,Práctica JLPT N5 contextualizada.,,false,true,3.0
ESJA-N5-MORE-0025,es,ja,es_ja,Hay un billete en la oficina.,会社に切符があります。,[],N5,2,lugares,ciudad,existence_aru,に|が,,,,,,cortés,describir_lugar,presente,afirmativa,declarativa,Práctica JLPT N5 contextualizada.,,false,true,3.0
JAES-N5-MORE-0026,ja,es,ja_es,銀行に地図があります。,Hay un mapa en el banco.,[],N5,3,lugares,ciudad,existence_aru,に|が,,,,,,cortés,describir_lugar,presente,afirmativa,declarativa,Práctica JLPT N5 contextualizada.,,false,true,3.0
ESJA-N5-MORE-0026,es,ja,es_ja,Hay un mapa en el banco.,銀行に地図があります。,[],N5,3,lugares,ciudad,existence_aru,に|が,,,,,,cortés,describir_lugar,presente,afirmativa,declarativa,Práctica JLPT N5 contextualizada.,,false,true,3.0
JAES-N5-MORE-0027,ja,es,ja_es,郵便局に傘があります。,Hay un paraguas en correos.,[],N5,4,lugares,ciudad,existence_aru,に|が,,,,,,cortés,describir_lugar,presente,afirmativa,declarativa,Práctica JLPT N5 contextualizada.,,false,true,3.0
ESJA-N5-MORE-0027,es,ja,es_ja,Hay un paraguas en correos.,郵便局に傘があります。,[],N5,4,lugares,ciudad,existence_aru,に|が,,,,,,cortés,describir_lugar,presente,afirmativa,declarativa,Práctica JLPT N5 contextualizada.,,false,true,3.0
JAES-N5-MORE-0028,ja,es,ja_es,病院に辞書があります。,Hay un diccionario en el hospital.,[],N5,1,lugares,ciudad,existence_aru,に|が,,,,,,cortés,describir_lugar,presente,afirmativa,declarativa,Práctica JLPT N5 contextualizada.,,false,true,3.0
ESJA-N5-MORE-0028,es,ja,es_ja,Hay un diccionario en el hospital.,病院に辞書があります。,[],N5,1,lugares,ciudad,existence_aru,に|が,,,,,,cortés,describir_lugar,presente,afirmativa,declarativa,Práctica JLPT N5 contextualizada.,,false,true,3.0
JAES-N5-MORE-0029,ja,es,ja_es,スーパーにかばんがあります。,Hay un bolso en el supermercado.,[],N5,2,lugares,ciudad,existence_aru,に|が,,,,,,cortés,describir_lugar,presente,afirmativa,declarativa,Práctica JLPT N5 contextualizada.,,false,true,3.0
ESJA-N5-MORE-0029,es,ja,es_ja,Hay un bolso en el supermercado.,スーパーにかばんがあります。,[],N5,2,lugares,ciudad,existence_aru,に|が,,,,,,cortés,describir_lugar,presente,afirmativa,declarativa,Práctica JLPT N5 contextualizada.,,false,true,3.0
JAES-N5-MORE-0030,ja,es,ja_es,レストランにノートがあります。,Hay un cuaderno en el restaurante.,[],N5,3,lugares,ciudad,existence_aru,に|が,,,,,,cortés,describir_lugar,presente,afirmativa,declarativa,Práctica JLPT N5 contextualizada.,,true,true,3.0
ESJA-N5-MORE-0030,es,ja,es_ja,Hay un cuaderno en el restaurante.,レストランにノートがあります。,[],N5,3,lugares,ciudad,existence_aru,に|が,,,,,,cortés,describir_lugar,presente,afirmativa,declarativa,Práctica JLPT N5 contextualizada.,,true,true,3.0
JAES-N5-MORE-0031,ja,es,ja_es,学校に猫がいます。,Hay un gato en la escuela.,[],N5,4,animales|lugares,entorno,existence_iru,に|が,,,,,,cortés,describir_lugar,presente,afirmativa,declarativa,Práctica JLPT N5 contextualizada.,,false,true,3.0
ESJA-N5-MORE-0031,es,ja,es_ja,Hay un gato en la escuela.,学校に猫がいます。,[],N5,4,animales|lugares,entorno,existence_iru,に|が,,,,,,cortés,describir_lugar,presente,afirmativa,declarativa,Práctica JLPT N5 contextualizada.,,false,true,3.0
JAES-N5-MORE-0032,ja,es,ja_es,図書館に犬がいます。,Hay un perro en la biblioteca.,[],N5,1,animales|lugares,entorno,existence_iru,に|が,,,,,,cortés,describir_lugar,presente,afirmativa,declarativa,Práctica JLPT N5 contextualizada.,,false,true,3.0
ESJA-N5-MORE-0032,es,ja,es_ja,Hay un perro en la biblioteca.,図書館に犬がいます。,[],N5,1,animales|lugares,entorno,existence_iru,に|が,,,,,,cortés,describir_lugar,presente,afirmativa,declarativa,Práctica JLPT N5 contextualizada.,,false,true,3.0
JAES-N5-MORE-0033,ja,es,ja_es,駅に鳥がいます。,Hay un pájaro en la estación.,[],N5,2,animales|lugares,entorno,existence_iru,に|が,,,,,,cortés,describir_lugar,presente,afirmativa,declarativa,Práctica JLPT N5 contextualizada.,,false,true,3.0
ESJA-N5-MORE-0033,es,ja,es_ja,Hay un pájaro en la estación.,駅に鳥がいます。,[],N5,2,animales|lugares,entorno,existence_iru,に|が,,,,,,cortés,describir_lugar,presente,afirmativa,declarativa,Práctica JLPT N5 contextualizada.,,false,true,3.0
JAES-N5-MORE-0034,ja,es,ja_es,公園に魚がいます。,Hay un pez en el parque.,[],N5,3,animales|lugares,entorno,existence_iru,に|が,,,,,,cortés,describir_lugar,presente,afirmativa,declarativa,Práctica JLPT N5 contextualizada.,,false,true,3.0
ESJA-N5-MORE-0034,es,ja,es_ja,Hay un pez en el parque.,公園に魚がいます。,[],N5,3,animales|lugares,entorno,existence_iru,に|が,,,,,,cortés,describir_lugar,presente,afirmativa,declarativa,Práctica JLPT N5 contextualizada.,,false,true,3.0
JAES-N5-MORE-0035,ja,es,ja_es,会社にうさぎがいます。,Hay un conejo en la oficina.,[],N5,4,animales|lugares,entorno,existence_iru,に|が,,,,,,cortés,describir_lugar,presente,afirmativa,declarativa,Práctica JLPT N5 contextualizada.,,false,true,3.0
ESJA-N5-MORE-0035,es,ja,es_ja,Hay un conejo en la oficina.,会社にうさぎがいます。,[],N5,4,animales|lugares,entorno,existence_iru,に|が,,,,,,cortés,describir_lugar,presente,afirmativa,declarativa,Práctica JLPT N5 contextualizada.,,false,true,3.0
JAES-N5-MORE-0036,ja,es,ja_es,銀行に馬がいます。,Hay un caballo en el banco.,[],N5,1,animales|lugares,entorno,existence_iru,に|が,,,,,,cortés,describir_lugar,presente,afirmativa,declarativa,Práctica JLPT N5 contextualizada.,,false,true,3.0
ESJA-N5-MORE-0036,es,ja,es_ja,Hay un caballo en el banco.,銀行に馬がいます。,[],N5,1,animales|lugares,entorno,existence_iru,に|が,,,,,,cortés,describir_lugar,presente,afirmativa,declarativa,Práctica JLPT N5 contextualizada.,,false,true,3.0
JAES-N5-MORE-0037,ja,es,ja_es,郵便局に牛がいます。,Hay una vaca en correos.,[],N5,2,animales|lugares,entorno,existence_iru,に|が,,,,,,cortés,describir_lugar,presente,afirmativa,declarativa,Práctica JLPT N5 contextualizada.,,false,true,3.0
ESJA-N5-MORE-0037,es,ja,es_ja,Hay una vaca en correos.,郵便局に牛がいます。,[],N5,2,animales|lugares,entorno,existence_iru,に|が,,,,,,cortés,describir_lugar,presente,afirmativa,declarativa,Práctica JLPT N5 contextualizada.,,false,true,3.0
JAES-N5-MORE-0038,ja,es,ja_es,病院に鶏がいます。,Hay una gallina en el hospital.,[],N5,3,animales|lugares,entorno,existence_iru,に|が,,,,,,cortés,describir_lugar,presente,afirmativa,declarativa,Práctica JLPT N5 contextualizada.,,false,true,3.0
ESJA-N5-MORE-0038,es,ja,es_ja,Hay una gallina en el hospital.,病院に鶏がいます。,[],N5,3,animales|lugares,entorno,existence_iru,に|が,,,,,,cortés,describir_lugar,presente,afirmativa,declarativa,Práctica JLPT N5 contextualizada.,,false,true,3.0
JAES-N5-MORE-0039,ja,es,ja_es,スーパーに亀がいます。,Hay una tortuga en el supermercado.,[],N5,4,animales|lugares,entorno,existence_iru,に|が,,,,,,cortés,describir_lugar,presente,afirmativa,declarativa,Práctica JLPT N5 contextualizada.,,false,true,3.0
ESJA-N5-MORE-0039,es,ja,es_ja,Hay una tortuga en el supermercado.,スーパーに亀がいます。,[],N5,4,animales|lugares,entorno,existence_iru,に|が,,,,,,cortés,describir_lugar,presente,afirmativa,declarativa,Práctica JLPT N5 contextualizada.,,false,true,3.0
JAES-N5-MORE-0040,ja,es,ja_es,レストランにねずみがいます。,Hay un ratón en el restaurante.,[],N5,1,animales|lugares,entorno,existence_iru,に|が,,,,,,cortés,describir_lugar,presente,afirmativa,declarativa,Práctica JLPT N5 contextualizada.,,true,true,3.0
ESJA-N5-MORE-0040,es,ja,es_ja,Hay un ratón en el restaurante.,レストランにねずみがいます。,[],N5,1,animales|lugares,entorno,existence_iru,に|が,,,,,,cortés,describir_lugar,presente,afirmativa,declarativa,Práctica JLPT N5 contextualizada.,,true,true,3.0
JAES-N5-MORE-0041,ja,es,ja_es,父はすしが好きです。,mi padre le gusta el sushi.,[],N5,2,comida|preferencias,restaurante,suki,が,,,,,,cortés,expresar_gusto,presente,afirmativa,declarativa,Práctica JLPT N5 contextualizada.,,false,true,3.0
ESJA-N5-MORE-0041,es,ja,es_ja,mi padre le gusta el sushi.,父はすしが好きです。,[],N5,2,comida|preferencias,restaurante,suki,が,,,,,,cortés,expresar_gusto,presente,afirmativa,declarativa,Práctica JLPT N5 contextualizada.,,false,true,3.0
JAES-N5-MORE-0042,ja,es,ja_es,母は魚が好きです。,mi madre le gusta el pescado.,[],N5,3,comida|preferencias,restaurante,suki,が,,,,,,cortés,expresar_gusto,presente,afirmativa,declarativa,Práctica JLPT N5 contextualizada.,,false,true,3.0
ESJA-N5-MORE-0042,es,ja,es_ja,mi madre le gusta el pescado.,母は魚が好きです。,[],N5,3,comida|preferencias,restaurante,suki,が,,,,,,cortés,expresar_gusto,presente,afirmativa,declarativa,Práctica JLPT N5 contextualizada.,,false,true,3.0
JAES-N5-MORE-0043,ja,es,ja_es,兄は肉が好きです。,mi hermano mayor le gusta la carne.,[],N5,4,comida|preferencias,restaurante,suki,が,,,,,,cortés,expresar_gusto,presente,afirmativa,declarativa,Práctica JLPT N5 contextualizada.,,false,true,3.0
ESJA-N5-MORE-0043,es,ja,es_ja,mi hermano mayor le gusta la carne.,兄は肉が好きです。,[],N5,4,comida|preferencias,restaurante,suki,が,,,,,,cortés,expresar_gusto,presente,afirmativa,declarativa,Práctica JLPT N5 contextualizada.,,false,true,3.0
JAES-N5-MORE-0044,ja,es,ja_es,姉は野菜が好きです。,mi hermana mayor le gusta las verduras.,[],N5,1,comida|preferencias,restaurante,suki,が,,,,,,cortés,expresar_gusto,presente,afirmativa,declarativa,Práctica JLPT N5 contextualizada.,,false,true,3.0
ESJA-N5-MORE-0044,es,ja,es_ja,mi hermana mayor le gusta las verduras.,姉は野菜が好きです。,[],N5,1,comida|preferencias,restaurante,suki,が,,,,,,cortés,expresar_gusto,presente,afirmativa,declarativa,Práctica JLPT N5 contextualizada.,,false,true,3.0
JAES-N5-MORE-0045,ja,es,ja_es,弟は果物が好きです。,mi hermano menor le gusta la fruta.,[],N5,2,comida|preferencias,restaurante,suki,が,,,,,,cortés,expresar_gusto,presente,afirmativa,declarativa,Práctica JLPT N5 contextualizada.,,false,true,3.0
ESJA-N5-MORE-0045,es,ja,es_ja,mi hermano menor le gusta la fruta.,弟は果物が好きです。,[],N5,2,comida|preferencias,restaurante,suki,が,,,,,,cortés,expresar_gusto,presente,afirmativa,declarativa,Práctica JLPT N5 contextualizada.,,false,true,3.0
JAES-N5-MORE-0046,ja,es,ja_es,妹はパンが好きです。,mi hermana menor le gusta el pan.,[],N5,3,comida|preferencias,restaurante,suki,が,,,,,,cortés,expresar_gusto,presente,afirmativa,declarativa,Práctica JLPT N5 contextualizada.,,false,true,3.0
ESJA-N5-MORE-0046,es,ja,es_ja,mi hermana menor le gusta el pan.,妹はパンが好きです。,[],N5,3,comida|preferencias,restaurante,suki,が,,,,,,cortés,expresar_gusto,presente,afirmativa,declarativa,Práctica JLPT N5 contextualizada.,,false,true,3.0
JAES-N5-MORE-0047,ja,es,ja_es,祖父はラーメンが好きです。,mi abuelo le gusta el ramen.,[],N5,4,comida|preferencias,restaurante,suki,が,,,,,,cortés,expresar_gusto,presente,afirmativa,declarativa,Práctica JLPT N5 contextualizada.,,false,true,3.0
ESJA-N5-MORE-0047,es,ja,es_ja,mi abuelo le gusta el ramen.,祖父はラーメンが好きです。,[],N5,4,comida|preferencias,restaurante,suki,が,,,,,,cortés,expresar_gusto,presente,afirmativa,declarativa,Práctica JLPT N5 contextualizada.,,false,true,3.0
JAES-N5-MORE-0048,ja,es,ja_es,祖母はカレーが好きです。,mi abuela le gusta el curry.,[],N5,1,comida|preferencias,restaurante,suki,が,,,,,,cortés,expresar_gusto,presente,afirmativa,declarativa,Práctica JLPT N5 contextualizada.,,false,true,3.0
ESJA-N5-MORE-0048,es,ja,es_ja,mi abuela le gusta el curry.,祖母はカレーが好きです。,[],N5,1,comida|preferencias,restaurante,suki,が,,,,,,cortés,expresar_gusto,presente,afirmativa,declarativa,Práctica JLPT N5 contextualizada.,,false,true,3.0
JAES-N5-MORE-0049,ja,es,ja_es,友達は卵が好きです。,mi amigo le gusta los huevos.,[],N5,2,comida|preferencias,restaurante,suki,が,,,,,,cortés,expresar_gusto,presente,afirmativa,declarativa,Práctica JLPT N5 contextualizada.,,false,true,3.0
ESJA-N5-MORE-0049,es,ja,es_ja,mi amigo le gusta los huevos.,友達は卵が好きです。,[],N5,2,comida|preferencias,restaurante,suki,が,,,,,,cortés,expresar_gusto,presente,afirmativa,declarativa,Práctica JLPT N5 contextualizada.,,false,true,3.0
JAES-N5-MORE-0050,ja,es,ja_es,先生はアイスクリームが好きです。,mi profesor le gusta el helado.,[],N5,3,comida|preferencias,restaurante,suki,が,,,,,,cortés,expresar_gusto,presente,afirmativa,declarativa,Práctica JLPT N5 contextualizada.,,true,true,3.0
ESJA-N5-MORE-0050,es,ja,es_ja,mi profesor le gusta el helado.,先生はアイスクリームが好きです。,[],N5,3,comida|preferencias,restaurante,suki,が,,,,,,cortés,expresar_gusto,presente,afirmativa,declarativa,Práctica JLPT N5 contextualizada.,,true,true,3.0
JAES-N5-MORE-0051,ja,es,ja_es,水をください。,"Póngame agua, por favor.",[],N5,4,comida,restaurante,request_kudasai,を,,,,,,cortés,pedir_comida,presente,afirmativa,declarativa,Práctica JLPT N5 contextualizada.,,false,true,3.0
ESJA-N5-MORE-0051,es,ja,es_ja,"Póngame agua, por favor.",水をください。,[],N5,4,comida,restaurante,request_kudasai,を,,,,,,cortés,pedir_comida,presente,afirmativa,declarativa,Práctica JLPT N5 contextualizada.,,false,true,3.0
JAES-N5-MORE-0052,ja,es,ja_es,お茶をください。,"Póngame té, por favor.",[],N5,1,comida,restaurante,request_kudasai,を,,,,,,cortés,pedir_comida,presente,afirmativa,declarativa,Práctica JLPT N5 contextualizada.,,false,true,3.0
ESJA-N5-MORE-0052,es,ja,es_ja,"Póngame té, por favor.",お茶をください。,[],N5,1,comida,restaurante,request_kudasai,を,,,,,,cortés,pedir_comida,presente,afirmativa,declarativa,Práctica JLPT N5 contextualizada.,,false,true,3.0
JAES-N5-MORE-0053,ja,es,ja_es,コーヒーをください。,"Póngame café, por favor.",[],N5,2,comida,restaurante,request_kudasai,を,,,,,,cortés,pedir_comida,presente,afirmativa,declarativa,Práctica JLPT N5 contextualizada.,,false,true,3.0
ESJA-N5-MORE-0053,es,ja,es_ja,"Póngame café, por favor.",コーヒーをください。,[],N5,2,comida,restaurante,request_kudasai,を,,,,,,cortés,pedir_comida,presente,afirmativa,declarativa,Práctica JLPT N5 contextualizada.,,false,true,3.0
JAES-N5-MORE-0054,ja,es,ja_es,牛乳をください。,"Póngame leche, por favor.",[],N5,3,comida,restaurante,request_kudasai,を,,,,,,cortés,pedir_comida,presente,afirmativa,declarativa,Práctica JLPT N5 contextualizada.,,false,true,3.0
ESJA-N5-MORE-0054,es,ja,es_ja,"Póngame leche, por favor.",牛乳をください。,[],N5,3,comida,restaurante,request_kudasai,を,,,,,,cortés,pedir_comida,presente,afirmativa,declarativa,Práctica JLPT N5 contextualizada.,,false,true,3.0
JAES-N5-MORE-0055,ja,es,ja_es,ジュースをください。,"Póngame zumo, por favor.",[],N5,4,comida,restaurante,request_kudasai,を,,,,,,cortés,pedir_comida,presente,afirmativa,declarativa,Práctica JLPT N5 contextualizada.,,false,true,3.0
ESJA-N5-MORE-0055,es,ja,es_ja,"Póngame zumo, por favor.",ジュースをください。,[],N5,4,comida,restaurante,request_kudasai,を,,,,,,cortés,pedir_comida,presente,afirmativa,declarativa,Práctica JLPT N5 contextualizada.,,false,true,3.0
JAES-N5-MORE-0056,ja,es,ja_es,紅茶をください。,"Póngame té negro, por favor.",[],N5,1,comida,restaurante,request_kudasai,を,,,,,,cortés,pedir_comida,presente,afirmativa,declarativa,Práctica JLPT N5 contextualizada.,,false,true,3.0
ESJA-N5-MORE-0056,es,ja,es_ja,"Póngame té negro, por favor.",紅茶をください。,[],N5,1,comida,restaurante,request_kudasai,を,,,,,,cortés,pedir_comida,presente,afirmativa,declarativa,Práctica JLPT N5 contextualizada.,,false,true,3.0
JAES-N5-MORE-0057,ja,es,ja_es,炭酸水をください。,"Póngame agua con gas, por favor.",[],N5,2,comida,restaurante,request_kudasai,を,,,,,,cortés,pedir_comida,presente,afirmativa,declarativa,Práctica JLPT N5 contextualizada.,,false,true,3.0
ESJA-N5-MORE-0057,es,ja,es_ja,"Póngame agua con gas, por favor.",炭酸水をください。,[],N5,2,comida,restaurante,request_kudasai,を,,,,,,cortés,pedir_comida,presente,afirmativa,declarativa,Práctica JLPT N5 contextualizada.,,false,true,3.0
JAES-N5-MORE-0058,ja,es,ja_es,レモン水をください。,"Póngame agua con limón, por favor.",[],N5,3,comida,restaurante,request_kudasai,を,,,,,,cortés,pedir_comida,presente,afirmativa,declarativa,Práctica JLPT N5 contextualizada.,,false,true,3.0
ESJA-N5-MORE-0058,es,ja,es_ja,"Póngame agua con limón, por favor.",レモン水をください。,[],N5,3,comida,restaurante,request_kudasai,を,,,,,,cortés,pedir_comida,presente,afirmativa,declarativa,Práctica JLPT N5 contextualizada.,,false,true,3.0
JAES-N5-MORE-0059,ja,es,ja_es,温かいお茶をください。,"Póngame té caliente, por favor.",[],N5,4,comida,restaurante,request_kudasai,を,,,,,,cortés,pedir_comida,presente,afirmativa,declarativa,Práctica JLPT N5 contextualizada.,,false,true,3.0
ESJA-N5-MORE-0059,es,ja,es_ja,"Póngame té caliente, por favor.",温かいお茶をください。,[],N5,4,comida,restaurante,request_kudasai,を,,,,,,cortés,pedir_comida,presente,afirmativa,declarativa,Práctica JLPT N5 contextualizada.,,false,true,3.0
JAES-N5-MORE-0060,ja,es,ja_es,冷たい水をください。,"Póngame agua fría, por favor.",[],N5,1,comida,restaurante,request_kudasai,を,,,,,,cortés,pedir_comida,presente,afirmativa,declarativa,Práctica JLPT N5 contextualizada.,,true,true,3.0
ESJA-N5-MORE-0060,es,ja,es_ja,"Póngame agua fría, por favor.",冷たい水をください。,[],N5,1,comida,restaurante,request_kudasai,を,,,,,,cortés,pedir_comida,presente,afirmativa,declarativa,Práctica JLPT N5 contextualizada.,,true,true,3.0
JAES-N5-MORE-0061,ja,es,ja_es,本を一冊買いました。,Compré un libro.,[],N5,2,compras|contadores,tienda,counter|polite_past,を,,,,,basic_counters,cortés,comprar,pasado,afirmativa,declarativa,Práctica JLPT N5 contextualizada.,,false,true,3.0
ESJA-N5-MORE-0061,es,ja,es_ja,Compré un libro.,本を一冊買いました。,[],N5,2,compras|contadores,tienda,counter|polite_past,を,,,,,basic_counters,cortés,comprar,pasado,afirmativa,declarativa,Práctica JLPT N5 contextualizada.,,false,true,3.0
JAES-N5-MORE-0062,ja,es,ja_es,新聞を二部買いました。,Compré dos periódicos.,[],N5,3,compras|contadores,tienda,counter|polite_past,を,,,,,basic_counters,cortés,comprar,pasado,afirmativa,declarativa,Práctica JLPT N5 contextualizada.,,false,true,3.0
ESJA-N5-MORE-0062,es,ja,es_ja,Compré dos periódicos.,新聞を二部買いました。,[],N5,3,compras|contadores,tienda,counter|polite_past,を,,,,,basic_counters,cortés,comprar,pasado,afirmativa,declarativa,Práctica JLPT N5 contextualizada.,,false,true,3.0
JAES-N5-MORE-0063,ja,es,ja_es,手紙を三通買いました。,Compré tres cartas.,[],N5,4,compras|contadores,tienda,counter|polite_past,を,,,,,basic_counters,cortés,comprar,pasado,afirmativa,declarativa,Práctica JLPT N5 contextualizada.,,false,true,3.0
ESJA-N5-MORE-0063,es,ja,es_ja,Compré tres cartas.,手紙を三通買いました。,[],N5,4,compras|contadores,tienda,counter|polite_past,を,,,,,basic_counters,cortés,comprar,pasado,afirmativa,declarativa,Práctica JLPT N5 contextualizada.,,false,true,3.0
JAES-N5-MORE-0064,ja,es,ja_es,写真を四枚買いました。,Compré cuatro fotos.,[],N5,1,compras|contadores,tienda,counter|polite_past,を,,,,,basic_counters,cortés,comprar,pasado,afirmativa,declarativa,Práctica JLPT N5 contextualizada.,,false,true,3.0
ESJA-N5-MORE-0064,es,ja,es_ja,Compré cuatro fotos.,写真を四枚買いました。,[],N5,1,compras|contadores,tienda,counter|polite_past,を,,,,,basic_counters,cortés,comprar,pasado,afirmativa,declarativa,Práctica JLPT N5 contextualizada.,,false,true,3.0
JAES-N5-MORE-0065,ja,es,ja_es,切符を二枚買いました。,Compré dos billetes.,[],N5,2,compras|contadores,tienda,counter|polite_past,を,,,,,basic_counters,cortés,comprar,pasado,afirmativa,declarativa,Práctica JLPT N5 contextualizada.,,false,true,3.0
ESJA-N5-MORE-0065,es,ja,es_ja,Compré dos billetes.,切符を二枚買いました。,[],N5,2,compras|contadores,tienda,counter|polite_past,を,,,,,basic_counters,cortés,comprar,pasado,afirmativa,declarativa,Práctica JLPT N5 contextualizada.,,false,true,3.0
JAES-N5-MORE-0066,ja,es,ja_es,地図を一枚買いました。,Compré un mapa.,[],N5,3,compras|contadores,tienda,counter|polite_past,を,,,,,basic_counters,cortés,comprar,pasado,afirmativa,declarativa,Práctica JLPT N5 contextualizada.,,false,true,3.0
ESJA-N5-MORE-0066,es,ja,es_ja,Compré un mapa.,地図を一枚買いました。,[],N5,3,compras|contadores,tienda,counter|polite_past,を,,,,,basic_counters,cortés,comprar,pasado,afirmativa,declarativa,Práctica JLPT N5 contextualizada.,,false,true,3.0
JAES-N5-MORE-0067,ja,es,ja_es,傘を一本買いました。,Compré un paraguas.,[],N5,4,compras|contadores,tienda,counter|polite_past,を,,,,,basic_counters,cortés,comprar,pasado,afirmativa,declarativa,Práctica JLPT N5 contextualizada.,,false,true,3.0
ESJA-N5-MORE-0067,es,ja,es_ja,Compré un paraguas.,傘を一本買いました。,[],N5,4,compras|contadores,tienda,counter|polite_past,を,,,,,basic_counters,cortés,comprar,pasado,afirmativa,declarativa,Práctica JLPT N5 contextualizada.,,false,true,3.0
JAES-N5-MORE-0068,ja,es,ja_es,辞書を二冊買いました。,Compré dos diccionarios.,[],N5,1,compras|contadores,tienda,counter|polite_past,を,,,,,basic_counters,cortés,comprar,pasado,afirmativa,declarativa,Práctica JLPT N5 contextualizada.,,false,true,3.0
ESJA-N5-MORE-0068,es,ja,es_ja,Compré dos diccionarios.,辞書を二冊買いました。,[],N5,1,compras|contadores,tienda,counter|polite_past,を,,,,,basic_counters,cortés,comprar,pasado,afirmativa,declarativa,Práctica JLPT N5 contextualizada.,,false,true,3.0
JAES-N5-MORE-0069,ja,es,ja_es,かばんを一つ買いました。,Compré un bolso.,[],N5,2,compras|contadores,tienda,counter|polite_past,を,,,,,basic_counters,cortés,comprar,pasado,afirmativa,declarativa,Práctica JLPT N5 contextualizada.,,false,true,3.0
ESJA-N5-MORE-0069,es,ja,es_ja,Compré un bolso.,かばんを一つ買いました。,[],N5,2,compras|contadores,tienda,counter|polite_past,を,,,,,basic_counters,cortés,comprar,pasado,afirmativa,declarativa,Práctica JLPT N5 contextualizada.,,false,true,3.0
JAES-N5-MORE-0070,ja,es,ja_es,ノートを三冊買いました。,Compré tres cuadernos.,[],N5,3,compras|contadores,tienda,counter|polite_past,を,,,,,basic_counters,cortés,comprar,pasado,afirmativa,declarativa,Práctica JLPT N5 contextualizada.,,true,true,3.0
ESJA-N5-MORE-0070,es,ja,es_ja,Compré tres cuadernos.,ノートを三冊買いました。,[],N5,3,compras|contadores,tienda,counter|polite_past,を,,,,,basic_counters,cortés,comprar,pasado,afirmativa,declarativa,Práctica JLPT N5 contextualizada.,,true,true,3.0
JAES-N5-MORE-0071,ja,es,ja_es,この赤い本はいくらですか。,¿Cuánto cuesta este libro rojo?,[],N5,4,compras|colores,tienda,demonstrative_kono|adjective,は,,,,,,cortés,describir_objeto,presente,afirmativa,declarativa,Práctica JLPT N5 contextualizada.,,false,true,3.0
ESJA-N5-MORE-0071,es,ja,es_ja,¿Cuánto cuesta este libro rojo?,この赤い本はいくらですか。,[],N5,4,compras|colores,tienda,demonstrative_kono|adjective,は,,,,,,cortés,describir_objeto,presente,afirmativa,declarativa,Práctica JLPT N5 contextualizada.,,false,true,3.0
JAES-N5-MORE-0072,ja,es,ja_es,この青い新聞はいくらですか。,¿Cuánto cuesta este periódico azul?,[],N5,1,compras|colores,tienda,demonstrative_kono|adjective,は,,,,,,cortés,describir_objeto,presente,afirmativa,declarativa,Práctica JLPT N5 contextualizada.,,false,true,3.0
ESJA-N5-MORE-0072,es,ja,es_ja,¿Cuánto cuesta este periódico azul?,この青い新聞はいくらですか。,[],N5,1,compras|colores,tienda,demonstrative_kono|adjective,は,,,,,,cortés,describir_objeto,presente,afirmativa,declarativa,Práctica JLPT N5 contextualizada.,,false,true,3.0
JAES-N5-MORE-0073,ja,es,ja_es,この白い手紙はいくらですか。,¿Cuánto cuesta este carta blanco?,[],N5,2,compras|colores,tienda,demonstrative_kono|adjective,は,,,,,,cortés,describir_objeto,presente,afirmativa,declarativa,Práctica JLPT N5 contextualizada.,,false,true,3.0
ESJA-N5-MORE-0073,es,ja,es_ja,¿Cuánto cuesta este carta blanco?,この白い手紙はいくらですか。,[],N5,2,compras|colores,tienda,demonstrative_kono|adjective,は,,,,,,cortés,describir_objeto,presente,afirmativa,declarativa,Práctica JLPT N5 contextualizada.,,false,true,3.0
JAES-N5-MORE-0074,ja,es,ja_es,この黒い写真はいくらですか。,¿Cuánto cuesta este foto negro?,[],N5,3,compras|colores,tienda,demonstrative_kono|adjective,は,,,,,,cortés,describir_objeto,presente,afirmativa,declarativa,Práctica JLPT N5 contextualizada.,,false,true,3.0
ESJA-N5-MORE-0074,es,ja,es_ja,¿Cuánto cuesta este foto negro?,この黒い写真はいくらですか。,[],N5,3,compras|colores,tienda,demonstrative_kono|adjective,は,,,,,,cortés,describir_objeto,presente,afirmativa,declarativa,Práctica JLPT N5 contextualizada.,,false,true,3.0
JAES-N5-MORE-0075,ja,es,ja_es,この黄色い切符はいくらですか。,¿Cuánto cuesta este billete amarillo?,[],N5,4,compras|colores,tienda,demonstrative_kono|adjective,は,,,,,,cortés,describir_objeto,presente,afirmativa,declarativa,Práctica JLPT N5 contextualizada.,,false,true,3.0
ESJA-N5-MORE-0075,es,ja,es_ja,¿Cuánto cuesta este billete amarillo?,この黄色い切符はいくらですか。,[],N5,4,compras|colores,tienda,demonstrative_kono|adjective,は,,,,,,cortés,describir_objeto,presente,afirmativa,declarativa,Práctica JLPT N5 contextualizada.,,false,true,3.0
JAES-N5-MORE-0076,ja,es,ja_es,この緑の地図はいくらですか。,¿Cuánto cuesta este mapa verde?,[],N5,1,compras|colores,tienda,demonstrative_kono|adjective,は,,,,,,cortés,describir_objeto,presente,afirmativa,declarativa,Práctica JLPT N5 contextualizada.,,false,true,3.0
ESJA-N5-MORE-0076,es,ja,es_ja,¿Cuánto cuesta este mapa verde?,この緑の地図はいくらですか。,[],N5,1,compras|colores,tienda,demonstrative_kono|adjective,は,,,,,,cortés,describir_objeto,presente,afirmativa,declarativa,Práctica JLPT N5 contextualizada.,,false,true,3.0
JAES-N5-MORE-0077,ja,es,ja_es,この茶色い傘はいくらですか。,¿Cuánto cuesta este paraguas marrón?,[],N5,2,compras|colores,tienda,demonstrative_kono|adjective,は,,,,,,cortés,describir_objeto,presente,afirmativa,declarativa,Práctica JLPT N5 contextualizada.,,false,true,3.0
ESJA-N5-MORE-0077,es,ja,es_ja,¿Cuánto cuesta este paraguas marrón?,この茶色い傘はいくらですか。,[],N5,2,compras|colores,tienda,demonstrative_kono|adjective,は,,,,,,cortés,describir_objeto,presente,afirmativa,declarativa,Práctica JLPT N5 contextualizada.,,false,true,3.0
JAES-N5-MORE-0078,ja,es,ja_es,このピンクの辞書はいくらですか。,¿Cuánto cuesta este diccionario rosa?,[],N5,3,compras|colores,tienda,demonstrative_kono|adjective,は,,,,,,cortés,describir_objeto,presente,afirmativa,declarativa,Práctica JLPT N5 contextualizada.,,false,true,3.0
ESJA-N5-MORE-0078,es,ja,es_ja,¿Cuánto cuesta este diccionario rosa?,このピンクの辞書はいくらですか。,[],N5,3,compras|colores,tienda,demonstrative_kono|adjective,は,,,,,,cortés,describir_objeto,presente,afirmativa,declarativa,Práctica JLPT N5 contextualizada.,,false,true,3.0
JAES-N5-MORE-0079,ja,es,ja_es,この灰色のかばんはいくらですか。,¿Cuánto cuesta este bolso gris?,[],N5,4,compras|colores,tienda,demonstrative_kono|adjective,は,,,,,,cortés,describir_objeto,presente,afirmativa,declarativa,Práctica JLPT N5 contextualizada.,,false,true,3.0
ESJA-N5-MORE-0079,es,ja,es_ja,¿Cuánto cuesta este bolso gris?,この灰色のかばんはいくらですか。,[],N5,4,compras|colores,tienda,demonstrative_kono|adjective,は,,,,,,cortés,describir_objeto,presente,afirmativa,declarativa,Práctica JLPT N5 contextualizada.,,false,true,3.0
JAES-N5-MORE-0080,ja,es,ja_es,この紫のノートはいくらですか。,¿Cuánto cuesta este cuaderno morado?,[],N5,1,compras|colores,tienda,demonstrative_kono|adjective,は,,,,,,cortés,describir_objeto,presente,afirmativa,declarativa,Práctica JLPT N5 contextualizada.,,true,true,3.0
ESJA-N5-MORE-0080,es,ja,es_ja,¿Cuánto cuesta este cuaderno morado?,この紫のノートはいくらですか。,[],N5,1,compras|colores,tienda,demonstrative_kono|adjective,は,,,,,,cortés,describir_objeto,presente,afirmativa,declarativa,Práctica JLPT N5 contextualizada.,,true,true,3.0
JAES-N5-MORE-0081,ja,es,ja_es,学校は大きいです。,la escuela es grande.,[],N5,2,lugares|adjetivos,ciudad,i_na_adjective,は,,,,,,cortés,describir_lugar,presente,afirmativa,declarativa,Práctica JLPT N5 contextualizada.,,false,true,3.0
ESJA-N5-MORE-0081,es,ja,es_ja,la escuela es grande.,学校は大きいです。,[],N5,2,lugares|adjetivos,ciudad,i_na_adjective,は,,,,,,cortés,describir_lugar,presente,afirmativa,declarativa,Práctica JLPT N5 contextualizada.,,false,true,3.0
JAES-N5-MORE-0082,ja,es,ja_es,図書館は小さいです。,la biblioteca es pequeño.,[],N5,3,lugares|adjetivos,ciudad,i_na_adjective,は,,,,,,cortés,describir_lugar,presente,afirmativa,declarativa,Práctica JLPT N5 contextualizada.,,false,true,3.0
ESJA-N5-MORE-0082,es,ja,es_ja,la biblioteca es pequeño.,図書館は小さいです。,[],N5,3,lugares|adjetivos,ciudad,i_na_adjective,は,,,,,,cortés,describir_lugar,presente,afirmativa,declarativa,Práctica JLPT N5 contextualizada.,,false,true,3.0
JAES-N5-MORE-0083,ja,es,ja_es,駅は新しいです。,la estación es nuevo.,[],N5,4,lugares|adjetivos,ciudad,i_na_adjective,は,,,,,,cortés,describir_lugar,presente,afirmativa,declarativa,Práctica JLPT N5 contextualizada.,,false,true,3.0
ESJA-N5-MORE-0083,es,ja,es_ja,la estación es nuevo.,駅は新しいです。,[],N5,4,lugares|adjetivos,ciudad,i_na_adjective,は,,,,,,cortés,describir_lugar,presente,afirmativa,declarativa,Práctica JLPT N5 contextualizada.,,false,true,3.0
JAES-N5-MORE-0084,ja,es,ja_es,公園は古いです。,el parque es antiguo.,[],N5,1,lugares|adjetivos,ciudad,i_na_adjective,は,,,,,,cortés,describir_lugar,presente,afirmativa,declarativa,Práctica JLPT N5 contextualizada.,,false,true,3.0
ESJA-N5-MORE-0084,es,ja,es_ja,el parque es antiguo.,公園は古いです。,[],N5,1,lugares|adjetivos,ciudad,i_na_adjective,は,,,,,,cortés,describir_lugar,presente,afirmativa,declarativa,Práctica JLPT N5 contextualizada.,,false,true,3.0
JAES-N5-MORE-0085,ja,es,ja_es,会社は高いです。,la oficina es caro.,[],N5,2,lugares|adjetivos,ciudad,i_na_adjective,は,,,,,,cortés,describir_lugar,presente,afirmativa,declarativa,Práctica JLPT N5 contextualizada.,,false,true,3.0
ESJA-N5-MORE-0085,es,ja,es_ja,la oficina es caro.,会社は高いです。,[],N5,2,lugares|adjetivos,ciudad,i_na_adjective,は,,,,,,cortés,describir_lugar,presente,afirmativa,declarativa,Práctica JLPT N5 contextualizada.,,false,true,3.0
JAES-N5-MORE-0086,ja,es,ja_es,銀行は安いです。,el banco es barato.,[],N5,3,lugares|adjetivos,ciudad,i_na_adjective,は,,,,,,cortés,describir_lugar,presente,afirmativa,declarativa,Práctica JLPT N5 contextualizada.,,false,true,3.0
ESJA-N5-MORE-0086,es,ja,es_ja,el banco es barato.,銀行は安いです。,[],N5,3,lugares|adjetivos,ciudad,i_na_adjective,は,,,,,,cortés,describir_lugar,presente,afirmativa,declarativa,Práctica JLPT N5 contextualizada.,,false,true,3.0
JAES-N5-MORE-0087,ja,es,ja_es,郵便局は面白いです。,correos es interesante.,[],N5,4,lugares|adjetivos,ciudad,i_na_adjective,は,,,,,,cortés,describir_lugar,presente,afirmativa,declarativa,Práctica JLPT N5 contextualizada.,,false,true,3.0
ESJA-N5-MORE-0087,es,ja,es_ja,correos es interesante.,郵便局は面白いです。,[],N5,4,lugares|adjetivos,ciudad,i_na_adjective,は,,,,,,cortés,describir_lugar,presente,afirmativa,declarativa,Práctica JLPT N5 contextualizada.,,false,true,3.0
JAES-N5-MORE-0088,ja,es,ja_es,病院は難しいです。,el hospital es difícil.,[],N5,1,lugares|adjetivos,ciudad,i_na_adjective,は,,,,,,cortés,describir_lugar,presente,afirmativa,declarativa,Práctica JLPT N5 contextualizada.,,false,true,3.0
ESJA-N5-MORE-0088,es,ja,es_ja,el hospital es difícil.,病院は難しいです。,[],N5,1,lugares|adjetivos,ciudad,i_na_adjective,は,,,,,,cortés,describir_lugar,presente,afirmativa,declarativa,Práctica JLPT N5 contextualizada.,,false,true,3.0
JAES-N5-MORE-0089,ja,es,ja_es,スーパーは静かです。,el supermercado es tranquilo.,[],N5,2,lugares|adjetivos,ciudad,i_na_adjective,は,,,,,,cortés,describir_lugar,presente,afirmativa,declarativa,Práctica JLPT N5 contextualizada.,,false,true,3.0
ESJA-N5-MORE-0089,es,ja,es_ja,el supermercado es tranquilo.,スーパーは静かです。,[],N5,2,lugares|adjetivos,ciudad,i_na_adjective,は,,,,,,cortés,describir_lugar,presente,afirmativa,declarativa,Práctica JLPT N5 contextualizada.,,false,true,3.0
JAES-N5-MORE-0090,ja,es,ja_es,レストランは便利です。,el restaurante es práctico.,[],N5,3,lugares|adjetivos,ciudad,i_na_adjective,は,,,,,,cortés,describir_lugar,presente,afirmativa,declarativa,Práctica JLPT N5 contextualizada.,,true,true,3.0
ESJA-N5-MORE-0090,es,ja,es_ja,el restaurante es práctico.,レストランは便利です。,[],N5,3,lugares|adjetivos,ciudad,i_na_adjective,は,,,,,,cortés,describir_lugar,presente,afirmativa,declarativa,Práctica JLPT N5 contextualizada.,,true,true,3.0
JAES-N5-MORE-0091,ja,es,ja_es,父は学校で働いています。,mi padre trabaja en la escuela.,[],N5,4,familia|ocupaciones,presentacion,noun_desu,は,,,,,,cortés,presentar_persona,presente,afirmativa,declarativa,Práctica JLPT N5 contextualizada.,,false,true,3.0
ESJA-N5-MORE-0091,es,ja,es_ja,mi padre trabaja en la escuela.,父は学校で働いています。,[],N5,4,familia|ocupaciones,presentacion,noun_desu,は,,,,,,cortés,presentar_persona,presente,afirmativa,declarativa,Práctica JLPT N5 contextualizada.,,false,true,3.0
JAES-N5-MORE-0092,ja,es,ja_es,母は図書館で働いています。,mi madre trabaja en la biblioteca.,[],N5,1,familia|ocupaciones,presentacion,noun_desu,は,,,,,,cortés,presentar_persona,presente,afirmativa,declarativa,Práctica JLPT N5 contextualizada.,,false,true,3.0
ESJA-N5-MORE-0092,es,ja,es_ja,mi madre trabaja en la biblioteca.,母は図書館で働いています。,[],N5,1,familia|ocupaciones,presentacion,noun_desu,は,,,,,,cortés,presentar_persona,presente,afirmativa,declarativa,Práctica JLPT N5 contextualizada.,,false,true,3.0
JAES-N5-MORE-0093,ja,es,ja_es,兄は駅で働いています。,mi hermano mayor trabaja en la estación.,[],N5,2,familia|ocupaciones,presentacion,noun_desu,は,,,,,,cortés,presentar_persona,presente,afirmativa,declarativa,Práctica JLPT N5 contextualizada.,,false,true,3.0
ESJA-N5-MORE-0093,es,ja,es_ja,mi hermano mayor trabaja en la estación.,兄は駅で働いています。,[],N5,2,familia|ocupaciones,presentacion,noun_desu,は,,,,,,cortés,presentar_persona,presente,afirmativa,declarativa,Práctica JLPT N5 contextualizada.,,false,true,3.0
JAES-N5-MORE-0094,ja,es,ja_es,姉は公園で働いています。,mi hermana mayor trabaja en el parque.,[],N5,3,familia|ocupaciones,presentacion,noun_desu,は,,,,,,cortés,presentar_persona,presente,afirmativa,declarativa,Práctica JLPT N5 contextualizada.,,false,true,3.0
ESJA-N5-MORE-0094,es,ja,es_ja,mi hermana mayor trabaja en el parque.,姉は公園で働いています。,[],N5,3,familia|ocupaciones,presentacion,noun_desu,は,,,,,,cortés,presentar_persona,presente,afirmativa,declarativa,Práctica JLPT N5 contextualizada.,,false,true,3.0
JAES-N5-MORE-0095,ja,es,ja_es,弟は会社で働いています。,mi hermano menor trabaja en la oficina.,[],N5,4,familia|ocupaciones,presentacion,noun_desu,は,,,,,,cortés,presentar_persona,presente,afirmativa,declarativa,Práctica JLPT N5 contextualizada.,,false,true,3.0
ESJA-N5-MORE-0095,es,ja,es_ja,mi hermano menor trabaja en la oficina.,弟は会社で働いています。,[],N5,4,familia|ocupaciones,presentacion,noun_desu,は,,,,,,cortés,presentar_persona,presente,afirmativa,declarativa,Práctica JLPT N5 contextualizada.,,false,true,3.0
JAES-N5-MORE-0096,ja,es,ja_es,妹は銀行で働いています。,mi hermana menor trabaja en el banco.,[],N5,1,familia|ocupaciones,presentacion,noun_desu,は,,,,,,cortés,presentar_persona,presente,afirmativa,declarativa,Práctica JLPT N5 contextualizada.,,false,true,3.0
ESJA-N5-MORE-0096,es,ja,es_ja,mi hermana menor trabaja en el banco.,妹は銀行で働いています。,[],N5,1,familia|ocupaciones,presentacion,noun_desu,は,,,,,,cortés,presentar_persona,presente,afirmativa,declarativa,Práctica JLPT N5 contextualizada.,,false,true,3.0
JAES-N5-MORE-0097,ja,es,ja_es,祖父は郵便局で働いています。,mi abuelo trabaja en correos.,[],N5,2,familia|ocupaciones,presentacion,noun_desu,は,,,,,,cortés,presentar_persona,presente,afirmativa,declarativa,Práctica JLPT N5 contextualizada.,,false,true,3.0
ESJA-N5-MORE-0097,es,ja,es_ja,mi abuelo trabaja en correos.,祖父は郵便局で働いています。,[],N5,2,familia|ocupaciones,presentacion,noun_desu,は,,,,,,cortés,presentar_persona,presente,afirmativa,declarativa,Práctica JLPT N5 contextualizada.,,false,true,3.0
JAES-N5-MORE-0098,ja,es,ja_es,祖母は病院で働いています。,mi abuela trabaja en el hospital.,[],N5,3,familia|ocupaciones,presentacion,noun_desu,は,,,,,,cortés,presentar_persona,presente,afirmativa,declarativa,Práctica JLPT N5 contextualizada.,,false,true,3.0
ESJA-N5-MORE-0098,es,ja,es_ja,mi abuela trabaja en el hospital.,祖母は病院で働いています。,[],N5,3,familia|ocupaciones,presentacion,noun_desu,は,,,,,,cortés,presentar_persona,presente,afirmativa,declarativa,Práctica JLPT N5 contextualizada.,,false,true,3.0
JAES-N5-MORE-0099,ja,es,ja_es,友達はスーパーで働いています。,mi amigo trabaja en el supermercado.,[],N5,4,familia|ocupaciones,presentacion,noun_desu,は,,,,,,cortés,presentar_persona,presente,afirmativa,declarativa,Práctica JLPT N5 contextualizada.,,false,true,3.0
ESJA-N5-MORE-0099,es,ja,es_ja,mi amigo trabaja en el supermercado.,友達はスーパーで働いています。,[],N5,4,familia|ocupaciones,presentacion,noun_desu,は,,,,,,cortés,presentar_persona,presente,afirmativa,declarativa,Práctica JLPT N5 contextualizada.,,false,true,3.0
JAES-N5-MORE-0100,ja,es,ja_es,先生はレストランで働いています。,mi profesor trabaja en el restaurante.,[],N5,1,familia|ocupaciones,presentacion,noun_desu,は,,,,,,cortés,presentar_persona,presente,afirmativa,declarativa,Práctica JLPT N5 contextualizada.,,true,true,3.0
ESJA-N5-MORE-0100,es,ja,es_ja,mi profesor trabaja en el restaurante.,先生はレストランで働いています。,[],N5,1,familia|ocupaciones,presentacion,noun_desu,は,,,,,,cortés,presentar_persona,presente,afirmativa,declarativa,Práctica JLPT N5 contextualizada.,,true,true,3.0
JAES-N5-MORE-0101,ja,es,ja_es,学校で日本語を勉強します,estudio japonés en la escuela.,[],N5,2,rutina|acciones,vida_diaria,polite_present,で|を,,,,,,cortés,describir_accion,presente,afirmativa,declarativa,Práctica JLPT N5 contextualizada.,,false,true,3.0
ESJA-N5-MORE-0101,es,ja,es_ja,estudio japonés en la escuela.,学校で日本語を勉強します,[],N5,2,rutina|acciones,vida_diaria,polite_present,で|を,,,,,,cortés,describir_accion,presente,afirmativa,declarativa,Práctica JLPT N5 contextualizada.,,false,true,3.0
JAES-N5-MORE-0102,ja,es,ja_es,図書館で本を読みます,leo un libro en la biblioteca.,[],N5,3,rutina|acciones,vida_diaria,polite_present,で|を,,,,,,cortés,describir_accion,presente,afirmativa,declarativa,Práctica JLPT N5 contextualizada.,,false,true,3.0
ESJA-N5-MORE-0102,es,ja,es_ja,leo un libro en la biblioteca.,図書館で本を読みます,[],N5,3,rutina|acciones,vida_diaria,polite_present,で|を,,,,,,cortés,describir_accion,presente,afirmativa,declarativa,Práctica JLPT N5 contextualizada.,,false,true,3.0
JAES-N5-MORE-0103,ja,es,ja_es,駅で音楽を聞きます,escucho música en la estación.,[],N5,4,rutina|acciones,vida_diaria,polite_present,で|を,,,,,,cortés,describir_accion,presente,afirmativa,declarativa,Práctica JLPT N5 contextualizada.,,false,true,3.0
ESJA-N5-MORE-0103,es,ja,es_ja,escucho música en la estación.,駅で音楽を聞きます,[],N5,4,rutina|acciones,vida_diaria,polite_present,で|を,,,,,,cortés,describir_accion,presente,afirmativa,declarativa,Práctica JLPT N5 contextualizada.,,false,true,3.0
JAES-N5-MORE-0104,ja,es,ja_es,公園で映画を見ます,veo una película en el parque.,[],N5,1,rutina|acciones,vida_diaria,polite_present,で|を,,,,,,cortés,describir_accion,presente,afirmativa,declarativa,Práctica JLPT N5 contextualizada.,,false,true,3.0
ESJA-N5-MORE-0104,es,ja,es_ja,veo una película en el parque.,公園で映画を見ます,[],N5,1,rutina|acciones,vida_diaria,polite_present,で|を,,,,,,cortés,describir_accion,presente,afirmativa,declarativa,Práctica JLPT N5 contextualizada.,,false,true,3.0
JAES-N5-MORE-0105,ja,es,ja_es,会社で料理をします,cocino en la oficina.,[],N5,2,rutina|acciones,vida_diaria,polite_present,で|を,,,,,,cortés,describir_accion,presente,afirmativa,declarativa,Práctica JLPT N5 contextualizada.,,false,true,3.0
ESJA-N5-MORE-0105,es,ja,es_ja,cocino en la oficina.,会社で料理をします,[],N5,2,rutina|acciones,vida_diaria,polite_present,で|を,,,,,,cortés,describir_accion,presente,afirmativa,declarativa,Práctica JLPT N5 contextualizada.,,false,true,3.0
JAES-N5-MORE-0106,ja,es,ja_es,銀行で写真を撮ります,hago fotos en el banco.,[],N5,3,rutina|acciones,vida_diaria,polite_present,で|を,,,,,,cortés,describir_accion,presente,afirmativa,declarativa,Práctica JLPT N5 contextualizada.,,false,true,3.0
ESJA-N5-MORE-0106,es,ja,es_ja,hago fotos en el banco.,銀行で写真を撮ります,[],N5,3,rutina|acciones,vida_diaria,polite_present,で|を,,,,,,cortés,describir_accion,presente,afirmativa,declarativa,Práctica JLPT N5 contextualizada.,,false,true,3.0
JAES-N5-MORE-0107,ja,es,ja_es,郵便局で手紙を書きます,escribo una carta en correos.,[],N5,4,rutina|acciones,vida_diaria,polite_present,で|を,,,,,,cortés,describir_accion,presente,afirmativa,declarativa,Práctica JLPT N5 contextualizada.,,false,true,3.0
ESJA-N5-MORE-0107,es,ja,es_ja,escribo una carta en correos.,郵便局で手紙を書きます,[],N5,4,rutina|acciones,vida_diaria,polite_present,で|を,,,,,,cortés,describir_accion,presente,afirmativa,declarativa,Práctica JLPT N5 contextualizada.,,false,true,3.0
JAES-N5-MORE-0108,ja,es,ja_es,病院で買い物をします,hago compras en el hospital.,[],N5,1,rutina|acciones,vida_diaria,polite_present,で|を,,,,,,cortés,describir_accion,presente,afirmativa,declarativa,Práctica JLPT N5 contextualizada.,,false,true,3.0
ESJA-N5-MORE-0108,es,ja,es_ja,hago compras en el hospital.,病院で買い物をします,[],N5,1,rutina|acciones,vida_diaria,polite_present,で|を,,,,,,cortés,describir_accion,presente,afirmativa,declarativa,Práctica JLPT N5 contextualizada.,,false,true,3.0
JAES-N5-MORE-0109,ja,es,ja_es,スーパーで散歩します,doy un paseo en el supermercado.,[],N5,2,rutina|acciones,vida_diaria,polite_present,で|を,,,,,,cortés,describir_accion,presente,afirmativa,declarativa,Práctica JLPT N5 contextualizada.,,false,true,3.0
ESJA-N5-MORE-0109,es,ja,es_ja,doy un paseo en el supermercado.,スーパーで散歩します,[],N5,2,rutina|acciones,vida_diaria,polite_present,で|を,,,,,,cortés,describir_accion,presente,afirmativa,declarativa,Práctica JLPT N5 contextualizada.,,false,true,3.0
JAES-N5-MORE-0110,ja,es,ja_es,レストランでテニスをします,juego al tenis en el restaurante.,[],N5,3,rutina|acciones,vida_diaria,polite_present,で|を,,,,,,cortés,describir_accion,presente,afirmativa,declarativa,Práctica JLPT N5 contextualizada.,,true,true,3.0
ESJA-N5-MORE-0110,es,ja,es_ja,juego al tenis en el restaurante.,レストランでテニスをします,[],N5,3,rutina|acciones,vida_diaria,polite_present,で|を,,,,,,cortés,describir_accion,presente,afirmativa,declarativa,Práctica JLPT N5 contextualizada.,,true,true,3.0
JAES-N5-MORE-0111,ja,es,ja_es,月曜日学校で日本語を勉強しました,el lunes estudié japonés en la escuela.,[],N5,4,pasado|acciones,vida_diaria,polite_past,で|を,,,,,,cortés,relatar_accion,pasado,afirmativa,declarativa,Práctica JLPT N5 contextualizada.,,false,true,3.0
ESJA-N5-MORE-0111,es,ja,es_ja,el lunes estudié japonés en la escuela.,月曜日学校で日本語を勉強しました,[],N5,4,pasado|acciones,vida_diaria,polite_past,で|を,,,,,,cortés,relatar_accion,pasado,afirmativa,declarativa,Práctica JLPT N5 contextualizada.,,false,true,3.0
JAES-N5-MORE-0112,ja,es,ja_es,火曜日図書館で本を読みました,el martes leí un libro en la biblioteca.,[],N5,1,pasado|acciones,vida_diaria,polite_past,で|を,,,,,,cortés,relatar_accion,pasado,afirmativa,declarativa,Práctica JLPT N5 contextualizada.,,false,true,3.0
ESJA-N5-MORE-0112,es,ja,es_ja,el martes leí un libro en la biblioteca.,火曜日図書館で本を読みました,[],N5,1,pasado|acciones,vida_diaria,polite_past,で|を,,,,,,cortés,relatar_accion,pasado,afirmativa,declarativa,Práctica JLPT N5 contextualizada.,,false,true,3.0
JAES-N5-MORE-0113,ja,es,ja_es,水曜日駅で音楽を聞きました,el miércoles escuché música en la estación.,[],N5,2,pasado|acciones,vida_diaria,polite_past,で|を,,,,,,cortés,relatar_accion,pasado,afirmativa,declarativa,Práctica JLPT N5 contextualizada.,,false,true,3.0
ESJA-N5-MORE-0113,es,ja,es_ja,el miércoles escuché música en la estación.,水曜日駅で音楽を聞きました,[],N5,2,pasado|acciones,vida_diaria,polite_past,で|を,,,,,,cortés,relatar_accion,pasado,afirmativa,declarativa,Práctica JLPT N5 contextualizada.,,false,true,3.0
JAES-N5-MORE-0114,ja,es,ja_es,木曜日公園で映画を見ました,el jueves vi una película en el parque.,[],N5,3,pasado|acciones,vida_diaria,polite_past,で|を,,,,,,cortés,relatar_accion,pasado,afirmativa,declarativa,Práctica JLPT N5 contextualizada.,,false,true,3.0
ESJA-N5-MORE-0114,es,ja,es_ja,el jueves vi una película en el parque.,木曜日公園で映画を見ました,[],N5,3,pasado|acciones,vida_diaria,polite_past,で|を,,,,,,cortés,relatar_accion,pasado,afirmativa,declarativa,Práctica JLPT N5 contextualizada.,,false,true,3.0
JAES-N5-MORE-0115,ja,es,ja_es,金曜日会社で料理をしました,el viernes cociné en la oficina.,[],N5,4,pasado|acciones,vida_diaria,polite_past,で|を,,,,,,cortés,relatar_accion,pasado,afirmativa,declarativa,Práctica JLPT N5 contextualizada.,,false,true,3.0
ESJA-N5-MORE-0115,es,ja,es_ja,el viernes cociné en la oficina.,金曜日会社で料理をしました,[],N5,4,pasado|acciones,vida_diaria,polite_past,で|を,,,,,,cortés,relatar_accion,pasado,afirmativa,declarativa,Práctica JLPT N5 contextualizada.,,false,true,3.0
JAES-N5-MORE-0116,ja,es,ja_es,土曜日銀行で写真を撮りました,el sábado hice fotos en el banco.,[],N5,1,pasado|acciones,vida_diaria,polite_past,で|を,,,,,,cortés,relatar_accion,pasado,afirmativa,declarativa,Práctica JLPT N5 contextualizada.,,false,true,3.0
ESJA-N5-MORE-0116,es,ja,es_ja,el sábado hice fotos en el banco.,土曜日銀行で写真を撮りました,[],N5,1,pasado|acciones,vida_diaria,polite_past,で|を,,,,,,cortés,relatar_accion,pasado,afirmativa,declarativa,Práctica JLPT N5 contextualizada.,,false,true,3.0
JAES-N5-MORE-0117,ja,es,ja_es,日曜日郵便局で手紙を書きました,el domingo escribí una carta en correos.,[],N5,2,pasado|acciones,vida_diaria,polite_past,で|を,,,,,,cortés,relatar_accion,pasado,afirmativa,declarativa,Práctica JLPT N5 contextualizada.,,false,true,3.0
ESJA-N5-MORE-0117,es,ja,es_ja,el domingo escribí una carta en correos.,日曜日郵便局で手紙を書きました,[],N5,2,pasado|acciones,vida_diaria,polite_past,で|を,,,,,,cortés,relatar_accion,pasado,afirmativa,declarativa,Práctica JLPT N5 contextualizada.,,false,true,3.0
JAES-N5-MORE-0118,ja,es,ja_es,毎朝病院で買い物をしました,cada mañana hice compras en el hospital.,[],N5,3,pasado|acciones,vida_diaria,polite_past,で|を,,,,,,cortés,relatar_accion,pasado,afirmativa,declarativa,Práctica JLPT N5 contextualizada.,,false,true,3.0
ESJA-N5-MORE-0118,es,ja,es_ja,cada mañana hice compras en el hospital.,毎朝病院で買い物をしました,[],N5,3,pasado|acciones,vida_diaria,polite_past,で|を,,,,,,cortés,relatar_accion,pasado,afirmativa,declarativa,Práctica JLPT N5 contextualizada.,,false,true,3.0
JAES-N5-MORE-0119,ja,es,ja_es,毎晩スーパーで散歩しました,cada noche di un paseo en el supermercado.,[],N5,4,pasado|acciones,vida_diaria,polite_past,で|を,,,,,,cortés,relatar_accion,pasado,afirmativa,declarativa,Práctica JLPT N5 contextualizada.,,false,true,3.0
ESJA-N5-MORE-0119,es,ja,es_ja,cada noche di un paseo en el supermercado.,毎晩スーパーで散歩しました,[],N5,4,pasado|acciones,vida_diaria,polite_past,で|を,,,,,,cortés,relatar_accion,pasado,afirmativa,declarativa,Práctica JLPT N5 contextualizada.,,false,true,3.0
JAES-N5-MORE-0120,ja,es,ja_es,週末レストランでテニスをしました,el fin de semana jugué al tenis en el restaurante.,[],N5,1,pasado|acciones,vida_diaria,polite_past,で|を,,,,,,cortés,relatar_accion,pasado,afirmativa,declarativa,Práctica JLPT N5 contextualizada.,,true,true,3.0
ESJA-N5-MORE-0120,es,ja,es_ja,el fin de semana jugué al tenis en el restaurante.,週末レストランでテニスをしました,[],N5,1,pasado|acciones,vida_diaria,polite_past,で|を,,,,,,cortés,relatar_accion,pasado,afirmativa,declarativa,Práctica JLPT N5 contextualizada.,,true,true,3.0
JAES-N5-MORE-0121,ja,es,ja_es,父はすしを食べません。,mi padre no come el sushi.,[],N5,2,negacion|comida,habitos,polite_negative,を,,,,,,cortés,expresar_negacion,presente,negativa,declarativa,Práctica JLPT N5 contextualizada.,,false,true,3.0
ESJA-N5-MORE-0121,es,ja,es_ja,mi padre no come el sushi.,父はすしを食べません。,[],N5,2,negacion|comida,habitos,polite_negative,を,,,,,,cortés,expresar_negacion,presente,negativa,declarativa,Práctica JLPT N5 contextualizada.,,false,true,3.0
JAES-N5-MORE-0122,ja,es,ja_es,母は魚を食べません。,mi madre no come el pescado.,[],N5,3,negacion|comida,habitos,polite_negative,を,,,,,,cortés,expresar_negacion,presente,negativa,declarativa,Práctica JLPT N5 contextualizada.,,false,true,3.0
ESJA-N5-MORE-0122,es,ja,es_ja,mi madre no come el pescado.,母は魚を食べません。,[],N5,3,negacion|comida,habitos,polite_negative,を,,,,,,cortés,expresar_negacion,presente,negativa,declarativa,Práctica JLPT N5 contextualizada.,,false,true,3.0
JAES-N5-MORE-0123,ja,es,ja_es,兄は肉を食べません。,mi hermano mayor no come la carne.,[],N5,4,negacion|comida,habitos,polite_negative,を,,,,,,cortés,expresar_negacion,presente,negativa,declarativa,Práctica JLPT N5 contextualizada.,,false,true,3.0
ESJA-N5-MORE-0123,es,ja,es_ja,mi hermano mayor no come la carne.,兄は肉を食べません。,[],N5,4,negacion|comida,habitos,polite_negative,を,,,,,,cortés,expresar_negacion,presente,negativa,declarativa,Práctica JLPT N5 contextualizada.,,false,true,3.0
JAES-N5-MORE-0124,ja,es,ja_es,姉は野菜を食べません。,mi hermana mayor no come las verduras.,[],N5,1,negacion|comida,habitos,polite_negative,を,,,,,,cortés,expresar_negacion,presente,negativa,declarativa,Práctica JLPT N5 contextualizada.,,false,true,3.0
ESJA-N5-MORE-0124,es,ja,es_ja,mi hermana mayor no come las verduras.,姉は野菜を食べません。,[],N5,1,negacion|comida,habitos,polite_negative,を,,,,,,cortés,expresar_negacion,presente,negativa,declarativa,Práctica JLPT N5 contextualizada.,,false,true,3.0
JAES-N5-MORE-0125,ja,es,ja_es,弟は果物を食べません。,mi hermano menor no come la fruta.,[],N5,2,negacion|comida,habitos,polite_negative,を,,,,,,cortés,expresar_negacion,presente,negativa,declarativa,Práctica JLPT N5 contextualizada.,,false,true,3.0
ESJA-N5-MORE-0125,es,ja,es_ja,mi hermano menor no come la fruta.,弟は果物を食べません。,[],N5,2,negacion|comida,habitos,polite_negative,を,,,,,,cortés,expresar_negacion,presente,negativa,declarativa,Práctica JLPT N5 contextualizada.,,false,true,3.0
JAES-N5-MORE-0126,ja,es,ja_es,妹はパンを食べません。,mi hermana menor no come el pan.,[],N5,3,negacion|comida,habitos,polite_negative,を,,,,,,cortés,expresar_negacion,presente,negativa,declarativa,Práctica JLPT N5 contextualizada.,,false,true,3.0
ESJA-N5-MORE-0126,es,ja,es_ja,mi hermana menor no come el pan.,妹はパンを食べません。,[],N5,3,negacion|comida,habitos,polite_negative,を,,,,,,cortés,expresar_negacion,presente,negativa,declarativa,Práctica JLPT N5 contextualizada.,,false,true,3.0
JAES-N5-MORE-0127,ja,es,ja_es,祖父はラーメンを食べません。,mi abuelo no come el ramen.,[],N5,4,negacion|comida,habitos,polite_negative,を,,,,,,cortés,expresar_negacion,presente,negativa,declarativa,Práctica JLPT N5 contextualizada.,,false,true,3.0
ESJA-N5-MORE-0127,es,ja,es_ja,mi abuelo no come el ramen.,祖父はラーメンを食べません。,[],N5,4,negacion|comida,habitos,polite_negative,を,,,,,,cortés,expresar_negacion,presente,negativa,declarativa,Práctica JLPT N5 contextualizada.,,false,true,3.0
JAES-N5-MORE-0128,ja,es,ja_es,祖母はカレーを食べません。,mi abuela no come el curry.,[],N5,1,negacion|comida,habitos,polite_negative,を,,,,,,cortés,expresar_negacion,presente,negativa,declarativa,Práctica JLPT N5 contextualizada.,,false,true,3.0
ESJA-N5-MORE-0128,es,ja,es_ja,mi abuela no come el curry.,祖母はカレーを食べません。,[],N5,1,negacion|comida,habitos,polite_negative,を,,,,,,cortés,expresar_negacion,presente,negativa,declarativa,Práctica JLPT N5 contextualizada.,,false,true,3.0
JAES-N5-MORE-0129,ja,es,ja_es,友達は卵を食べません。,mi amigo no come los huevos.,[],N5,2,negacion|comida,habitos,polite_negative,を,,,,,,cortés,expresar_negacion,presente,negativa,declarativa,Práctica JLPT N5 contextualizada.,,false,true,3.0
ESJA-N5-MORE-0129,es,ja,es_ja,mi amigo no come los huevos.,友達は卵を食べません。,[],N5,2,negacion|comida,habitos,polite_negative,を,,,,,,cortés,expresar_negacion,presente,negativa,declarativa,Práctica JLPT N5 contextualizada.,,false,true,3.0
JAES-N5-MORE-0130,ja,es,ja_es,先生はアイスクリームを食べません。,mi profesor no come el helado.,[],N5,3,negacion|comida,habitos,polite_negative,を,,,,,,cortés,expresar_negacion,presente,negativa,declarativa,Práctica JLPT N5 contextualizada.,,true,true,3.0
ESJA-N5-MORE-0130,es,ja,es_ja,mi profesor no come el helado.,先生はアイスクリームを食べません。,[],N5,3,negacion|comida,habitos,polite_negative,を,,,,,,cortés,expresar_negacion,presente,negativa,declarativa,Práctica JLPT N5 contextualizada.,,true,true,3.0
JAES-N5-MORE-0131,ja,es,ja_es,学校は七時から十時半までです。,la escuela abre desde las siete hasta las diez y media.,[],N5,4,tiempo|horarios,agenda,kara_made,から|まで,,,,,,cortés,informar_horario,presente,afirmativa,declarativa,Práctica JLPT N5 contextualizada.,,false,true,3.0
ESJA-N5-MORE-0131,es,ja,es_ja,la escuela abre desde las siete hasta las diez y media.,学校は七時から十時半までです。,[],N5,4,tiempo|horarios,agenda,kara_made,から|まで,,,,,,cortés,informar_horario,presente,afirmativa,declarativa,Práctica JLPT N5 contextualizada.,,false,true,3.0
JAES-N5-MORE-0132,ja,es,ja_es,図書館は八時半から十一時までです。,la biblioteca abre desde las ocho y media hasta las once.,[],N5,1,tiempo|horarios,agenda,kara_made,から|まで,,,,,,cortés,informar_horario,presente,afirmativa,declarativa,Práctica JLPT N5 contextualizada.,,false,true,3.0
ESJA-N5-MORE-0132,es,ja,es_ja,la biblioteca abre desde las ocho y media hasta las once.,図書館は八時半から十一時までです。,[],N5,1,tiempo|horarios,agenda,kara_made,から|まで,,,,,,cortés,informar_horario,presente,afirmativa,declarativa,Práctica JLPT N5 contextualizada.,,false,true,3.0
JAES-N5-MORE-0133,ja,es,ja_es,駅は九時から十二時までです。,la estación abre desde las nueve hasta las doce.,[],N5,2,tiempo|horarios,agenda,kara_made,から|まで,,,,,,cortés,informar_horario,presente,afirmativa,declarativa,Práctica JLPT N5 contextualizada.,,false,true,3.0
ESJA-N5-MORE-0133,es,ja,es_ja,la estación abre desde las nueve hasta las doce.,駅は九時から十二時までです。,[],N5,2,tiempo|horarios,agenda,kara_made,から|まで,,,,,,cortés,informar_horario,presente,afirmativa,declarativa,Práctica JLPT N5 contextualizada.,,false,true,3.0
JAES-N5-MORE-0134,ja,es,ja_es,公園は十時半から一時半までです。,el parque abre desde las diez y media hasta la una y media.,[],N5,3,tiempo|horarios,agenda,kara_made,から|まで,,,,,,cortés,informar_horario,presente,afirmativa,declarativa,Práctica JLPT N5 contextualizada.,,false,true,3.0
ESJA-N5-MORE-0134,es,ja,es_ja,el parque abre desde las diez y media hasta la una y media.,公園は十時半から一時半までです。,[],N5,3,tiempo|horarios,agenda,kara_made,から|まで,,,,,,cortés,informar_horario,presente,afirmativa,declarativa,Práctica JLPT N5 contextualizada.,,false,true,3.0
JAES-N5-MORE-0135,ja,es,ja_es,会社は十一時から三時までです。,la oficina abre desde las once hasta las tres.,[],N5,4,tiempo|horarios,agenda,kara_made,から|まで,,,,,,cortés,informar_horario,presente,afirmativa,declarativa,Práctica JLPT N5 contextualizada.,,false,true,3.0
ESJA-N5-MORE-0135,es,ja,es_ja,la oficina abre desde las once hasta las tres.,会社は十一時から三時までです。,[],N5,4,tiempo|horarios,agenda,kara_made,から|まで,,,,,,cortés,informar_horario,presente,afirmativa,declarativa,Práctica JLPT N5 contextualizada.,,false,true,3.0
JAES-N5-MORE-0136,ja,es,ja_es,銀行は十二時から五時半までです。,el banco abre desde las doce hasta las cinco y media.,[],N5,1,tiempo|horarios,agenda,kara_made,から|まで,,,,,,cortés,informar_horario,presente,afirmativa,declarativa,Práctica JLPT N5 contextualizada.,,false,true,3.0
ESJA-N5-MORE-0136,es,ja,es_ja,el banco abre desde las doce hasta las cinco y media.,銀行は十二時から五時半までです。,[],N5,1,tiempo|horarios,agenda,kara_made,から|まで,,,,,,cortés,informar_horario,presente,afirmativa,declarativa,Práctica JLPT N5 contextualizada.,,false,true,3.0
JAES-N5-MORE-0137,ja,es,ja_es,郵便局は一時半から六時までです。,correos abre desde la una y media hasta las seis.,[],N5,2,tiempo|horarios,agenda,kara_made,から|まで,,,,,,cortés,informar_horario,presente,afirmativa,declarativa,Práctica JLPT N5 contextualizada.,,false,true,3.0
ESJA-N5-MORE-0137,es,ja,es_ja,correos abre desde la una y media hasta las seis.,郵便局は一時半から六時までです。,[],N5,2,tiempo|horarios,agenda,kara_made,から|まで,,,,,,cortés,informar_horario,presente,afirmativa,declarativa,Práctica JLPT N5 contextualizada.,,false,true,3.0
JAES-N5-MORE-0138,ja,es,ja_es,病院は三時から七時までです。,el hospital abre desde las tres hasta las siete.,[],N5,3,tiempo|horarios,agenda,kara_made,から|まで,,,,,,cortés,informar_horario,presente,afirmativa,declarativa,Práctica JLPT N5 contextualizada.,,false,true,3.0
ESJA-N5-MORE-0138,es,ja,es_ja,el hospital abre desde las tres hasta las siete.,病院は三時から七時までです。,[],N5,3,tiempo|horarios,agenda,kara_made,から|まで,,,,,,cortés,informar_horario,presente,afirmativa,declarativa,Práctica JLPT N5 contextualizada.,,false,true,3.0
JAES-N5-MORE-0139,ja,es,ja_es,スーパーは五時半から八時半までです。,el supermercado abre desde las cinco y media hasta las ocho y media.,[],N5,4,tiempo|horarios,agenda,kara_made,から|まで,,,,,,cortés,informar_horario,presente,afirmativa,declarativa,Práctica JLPT N5 contextualizada.,,false,true,3.0
ESJA-N5-MORE-0139,es,ja,es_ja,el supermercado abre desde las cinco y media hasta las ocho y media.,スーパーは五時半から八時半までです。,[],N5,4,tiempo|horarios,agenda,kara_made,から|まで,,,,,,cortés,informar_horario,presente,afirmativa,declarativa,Práctica JLPT N5 contextualizada.,,false,true,3.0
JAES-N5-MORE-0140,ja,es,ja_es,レストランは六時から九時までです。,el restaurante abre desde las seis hasta las nueve.,[],N5,1,tiempo|horarios,agenda,kara_made,から|まで,,,,,,cortés,informar_horario,presente,afirmativa,declarativa,Práctica JLPT N5 contextualizada.,,true,true,3.0
ESJA-N5-MORE-0140,es,ja,es_ja,el restaurante abre desde las seis hasta las nueve.,レストランは六時から九時までです。,[],N5,1,tiempo|horarios,agenda,kara_made,から|まで,,,,,,cortés,informar_horario,presente,afirmativa,declarativa,Práctica JLPT N5 contextualizada.,,true,true,3.0
JAES-N5-MORE-0141,ja,es,ja_es,月曜日学校で日本語を勉強しませんか,¿Te apetece estudiar japonés en la escuela el lunes?,[],N5,2,invitaciones|ocio,amistad,mashouka,で,,,,,,cortés,invitar,futuro,afirmativa,interrogativa,Práctica JLPT N5 contextualizada.,,false,true,3.0
ESJA-N5-MORE-0141,es,ja,es_ja,¿Te apetece estudiar japonés en la escuela el lunes?,月曜日学校で日本語を勉強しませんか,[],N5,2,invitaciones|ocio,amistad,mashouka,で,,,,,,cortés,invitar,futuro,afirmativa,interrogativa,Práctica JLPT N5 contextualizada.,,false,true,3.0
JAES-N5-MORE-0142,ja,es,ja_es,火曜日図書館で本を読みませんか,¿Te apetece leer un libro en la biblioteca el martes?,[],N5,3,invitaciones|ocio,amistad,mashouka,で,,,,,,cortés,invitar,futuro,afirmativa,interrogativa,Práctica JLPT N5 contextualizada.,,false,true,3.0
ESJA-N5-MORE-0142,es,ja,es_ja,¿Te apetece leer un libro en la biblioteca el martes?,火曜日図書館で本を読みませんか,[],N5,3,invitaciones|ocio,amistad,mashouka,で,,,,,,cortés,invitar,futuro,afirmativa,interrogativa,Práctica JLPT N5 contextualizada.,,false,true,3.0
JAES-N5-MORE-0143,ja,es,ja_es,水曜日駅で音楽を聞きませんか,¿Te apetece escuchar música en la estación el miércoles?,[],N5,4,invitaciones|ocio,amistad,mashouka,で,,,,,,cortés,invitar,futuro,afirmativa,interrogativa,Práctica JLPT N5 contextualizada.,,false,true,3.0
ESJA-N5-MORE-0143,es,ja,es_ja,¿Te apetece escuchar música en la estación el miércoles?,水曜日駅で音楽を聞きませんか,[],N5,4,invitaciones|ocio,amistad,mashouka,で,,,,,,cortés,invitar,futuro,afirmativa,interrogativa,Práctica JLPT N5 contextualizada.,,false,true,3.0
JAES-N5-MORE-0144,ja,es,ja_es,木曜日公園で映画を見ませんか,¿Te apetece ver una película en el parque el jueves?,[],N5,1,invitaciones|ocio,amistad,mashouka,で,,,,,,cortés,invitar,futuro,afirmativa,interrogativa,Práctica JLPT N5 contextualizada.,,false,true,3.0
ESJA-N5-MORE-0144,es,ja,es_ja,¿Te apetece ver una película en el parque el jueves?,木曜日公園で映画を見ませんか,[],N5,1,invitaciones|ocio,amistad,mashouka,で,,,,,,cortés,invitar,futuro,afirmativa,interrogativa,Práctica JLPT N5 contextualizada.,,false,true,3.0
JAES-N5-MORE-0145,ja,es,ja_es,金曜日会社で料理をしませんか,¿Te apetece cocinar en la oficina el viernes?,[],N5,2,invitaciones|ocio,amistad,mashouka,で,,,,,,cortés,invitar,futuro,afirmativa,interrogativa,Práctica JLPT N5 contextualizada.,,false,true,3.0
ESJA-N5-MORE-0145,es,ja,es_ja,¿Te apetece cocinar en la oficina el viernes?,金曜日会社で料理をしませんか,[],N5,2,invitaciones|ocio,amistad,mashouka,で,,,,,,cortés,invitar,futuro,afirmativa,interrogativa,Práctica JLPT N5 contextualizada.,,false,true,3.0
JAES-N5-MORE-0146,ja,es,ja_es,土曜日銀行で写真を撮りませんか,¿Te apetece hacer fotos en el banco el sábado?,[],N5,3,invitaciones|ocio,amistad,mashouka,で,,,,,,cortés,invitar,futuro,afirmativa,interrogativa,Práctica JLPT N5 contextualizada.,,false,true,3.0
ESJA-N5-MORE-0146,es,ja,es_ja,¿Te apetece hacer fotos en el banco el sábado?,土曜日銀行で写真を撮りませんか,[],N5,3,invitaciones|ocio,amistad,mashouka,で,,,,,,cortés,invitar,futuro,afirmativa,interrogativa,Práctica JLPT N5 contextualizada.,,false,true,3.0
JAES-N5-MORE-0147,ja,es,ja_es,日曜日郵便局で手紙を書きませんか,¿Te apetece escribir una carta en correos el domingo?,[],N5,4,invitaciones|ocio,amistad,mashouka,で,,,,,,cortés,invitar,futuro,afirmativa,interrogativa,Práctica JLPT N5 contextualizada.,,false,true,3.0
ESJA-N5-MORE-0147,es,ja,es_ja,¿Te apetece escribir una carta en correos el domingo?,日曜日郵便局で手紙を書きませんか,[],N5,4,invitaciones|ocio,amistad,mashouka,で,,,,,,cortés,invitar,futuro,afirmativa,interrogativa,Práctica JLPT N5 contextualizada.,,false,true,3.0
JAES-N5-MORE-0148,ja,es,ja_es,毎朝病院で買い物をしませんか,¿Te apetece hacer compras en el hospital cada mañana?,[],N5,1,invitaciones|ocio,amistad,mashouka,で,,,,,,cortés,invitar,futuro,afirmativa,interrogativa,Práctica JLPT N5 contextualizada.,,false,true,3.0
ESJA-N5-MORE-0148,es,ja,es_ja,¿Te apetece hacer compras en el hospital cada mañana?,毎朝病院で買い物をしませんか,[],N5,1,invitaciones|ocio,amistad,mashouka,で,,,,,,cortés,invitar,futuro,afirmativa,interrogativa,Práctica JLPT N5 contextualizada.,,false,true,3.0
JAES-N5-MORE-0149,ja,es,ja_es,毎晩スーパーで散歩しませんか,¿Te apetece dar un paseo en el supermercado cada noche?,[],N5,2,invitaciones|ocio,amistad,mashouka,で,,,,,,cortés,invitar,futuro,afirmativa,interrogativa,Práctica JLPT N5 contextualizada.,,false,true,3.0
ESJA-N5-MORE-0149,es,ja,es_ja,¿Te apetece dar un paseo en el supermercado cada noche?,毎晩スーパーで散歩しませんか,[],N5,2,invitaciones|ocio,amistad,mashouka,で,,,,,,cortés,invitar,futuro,afirmativa,interrogativa,Práctica JLPT N5 contextualizada.,,false,true,3.0
JAES-N5-MORE-0150,ja,es,ja_es,週末レストランでテニスをしませんか,¿Te apetece jugar al tenis en el restaurante el fin de semana?,[],N5,3,invitaciones|ocio,amistad,mashouka,で,,,,,,cortés,invitar,futuro,afirmativa,interrogativa,Práctica JLPT N5 contextualizada.,,true,true,3.0
ESJA-N5-MORE-0150,es,ja,es_ja,¿Te apetece jugar al tenis en el restaurante el fin de semana?,週末レストランでテニスをしませんか,[],N5,3,invitaciones|ocio,amistad,mashouka,で,,,,,,cortés,invitar,futuro,afirmativa,interrogativa,Práctica JLPT N5 contextualizada.,,true,true,3.0
JAES-N5-MORE-0151,ja,es,ja_es,学校で日本語を勉強したいです,Quiero estudiar japonés en la escuela.,[],N5,4,deseos|ocio,planes,tai_form,で|を,,,,,,cortés,expresar_deseo,futuro,afirmativa,declarativa,Práctica JLPT N5 contextualizada.,,false,true,3.0
ESJA-N5-MORE-0151,es,ja,es_ja,Quiero estudiar japonés en la escuela.,学校で日本語を勉強したいです,[],N5,4,deseos|ocio,planes,tai_form,で|を,,,,,,cortés,expresar_deseo,futuro,afirmativa,declarativa,Práctica JLPT N5 contextualizada.,,false,true,3.0
JAES-N5-MORE-0152,ja,es,ja_es,図書館で本を読みたいです,Quiero leer un libro en la biblioteca.,[],N5,1,deseos|ocio,planes,tai_form,で|を,,,,,,cortés,expresar_deseo,futuro,afirmativa,declarativa,Práctica JLPT N5 contextualizada.,,false,true,3.0
ESJA-N5-MORE-0152,es,ja,es_ja,Quiero leer un libro en la biblioteca.,図書館で本を読みたいです,[],N5,1,deseos|ocio,planes,tai_form,で|を,,,,,,cortés,expresar_deseo,futuro,afirmativa,declarativa,Práctica JLPT N5 contextualizada.,,false,true,3.0
JAES-N5-MORE-0153,ja,es,ja_es,駅で音楽を聞きたいです,Quiero escuchar música en la estación.,[],N5,2,deseos|ocio,planes,tai_form,で|を,,,,,,cortés,expresar_deseo,futuro,afirmativa,declarativa,Práctica JLPT N5 contextualizada.,,false,true,3.0
ESJA-N5-MORE-0153,es,ja,es_ja,Quiero escuchar música en la estación.,駅で音楽を聞きたいです,[],N5,2,deseos|ocio,planes,tai_form,で|を,,,,,,cortés,expresar_deseo,futuro,afirmativa,declarativa,Práctica JLPT N5 contextualizada.,,false,true,3.0
JAES-N5-MORE-0154,ja,es,ja_es,公園で映画を見たいです,Quiero ver una película en el parque.,[],N5,3,deseos|ocio,planes,tai_form,で|を,,,,,,cortés,expresar_deseo,futuro,afirmativa,declarativa,Práctica JLPT N5 contextualizada.,,false,true,3.0
ESJA-N5-MORE-0154,es,ja,es_ja,Quiero ver una película en el parque.,公園で映画を見たいです,[],N5,3,deseos|ocio,planes,tai_form,で|を,,,,,,cortés,expresar_deseo,futuro,afirmativa,declarativa,Práctica JLPT N5 contextualizada.,,false,true,3.0
JAES-N5-MORE-0155,ja,es,ja_es,会社で料理をしたいです,Quiero cocinar en la oficina.,[],N5,4,deseos|ocio,planes,tai_form,で|を,,,,,,cortés,expresar_deseo,futuro,afirmativa,declarativa,Práctica JLPT N5 contextualizada.,,false,true,3.0
ESJA-N5-MORE-0155,es,ja,es_ja,Quiero cocinar en la oficina.,会社で料理をしたいです,[],N5,4,deseos|ocio,planes,tai_form,で|を,,,,,,cortés,expresar_deseo,futuro,afirmativa,declarativa,Práctica JLPT N5 contextualizada.,,false,true,3.0
JAES-N5-MORE-0156,ja,es,ja_es,銀行で写真を撮りたいです,Quiero hacer fotos en el banco.,[],N5,1,deseos|ocio,planes,tai_form,で|を,,,,,,cortés,expresar_deseo,futuro,afirmativa,declarativa,Práctica JLPT N5 contextualizada.,,false,true,3.0
ESJA-N5-MORE-0156,es,ja,es_ja,Quiero hacer fotos en el banco.,銀行で写真を撮りたいです,[],N5,1,deseos|ocio,planes,tai_form,で|を,,,,,,cortés,expresar_deseo,futuro,afirmativa,declarativa,Práctica JLPT N5 contextualizada.,,false,true,3.0
JAES-N5-MORE-0157,ja,es,ja_es,郵便局で手紙を書きたいです,Quiero escribir una carta en correos.,[],N5,2,deseos|ocio,planes,tai_form,で|を,,,,,,cortés,expresar_deseo,futuro,afirmativa,declarativa,Práctica JLPT N5 contextualizada.,,false,true,3.0
ESJA-N5-MORE-0157,es,ja,es_ja,Quiero escribir una carta en correos.,郵便局で手紙を書きたいです,[],N5,2,deseos|ocio,planes,tai_form,で|を,,,,,,cortés,expresar_deseo,futuro,afirmativa,declarativa,Práctica JLPT N5 contextualizada.,,false,true,3.0
JAES-N5-MORE-0158,ja,es,ja_es,病院で買い物をしたいです,Quiero hacer compras en el hospital.,[],N5,3,deseos|ocio,planes,tai_form,で|を,,,,,,cortés,expresar_deseo,futuro,afirmativa,declarativa,Práctica JLPT N5 contextualizada.,,false,true,3.0
ESJA-N5-MORE-0158,es,ja,es_ja,Quiero hacer compras en el hospital.,病院で買い物をしたいです,[],N5,3,deseos|ocio,planes,tai_form,で|を,,,,,,cortés,expresar_deseo,futuro,afirmativa,declarativa,Práctica JLPT N5 contextualizada.,,false,true,3.0
JAES-N5-MORE-0159,ja,es,ja_es,スーパーで散歩したいです,Quiero dar un paseo en el supermercado.,[],N5,4,deseos|ocio,planes,tai_form,で|を,,,,,,cortés,expresar_deseo,futuro,afirmativa,declarativa,Práctica JLPT N5 contextualizada.,,false,true,3.0
ESJA-N5-MORE-0159,es,ja,es_ja,Quiero dar un paseo en el supermercado.,スーパーで散歩したいです,[],N5,4,deseos|ocio,planes,tai_form,で|を,,,,,,cortés,expresar_deseo,futuro,afirmativa,declarativa,Práctica JLPT N5 contextualizada.,,false,true,3.0
JAES-N5-MORE-0160,ja,es,ja_es,レストランでテニスをしたいです,Quiero jugar al tenis en el restaurante.,[],N5,1,deseos|ocio,planes,tai_form,で|を,,,,,,cortés,expresar_deseo,futuro,afirmativa,declarativa,Práctica JLPT N5 contextualizada.,,true,true,3.0
ESJA-N5-MORE-0160,es,ja,es_ja,Quiero jugar al tenis en el restaurante.,レストランでテニスをしたいです,[],N5,1,deseos|ocio,planes,tai_form,で|を,,,,,,cortés,expresar_deseo,futuro,afirmativa,declarativa,Práctica JLPT N5 contextualizada.,,true,true,3.0
JAES-N5-MORE-0161,ja,es,ja_es,本を見せてください。,"Muéstreme el libro, por favor.",[],N5,2,peticiones,comunicacion,te_kudasai,を,,,,,,cortés,pedir_accion,presente,afirmativa,declarativa,Práctica JLPT N5 contextualizada.,,false,true,3.0
ESJA-N5-MORE-0161,es,ja,es_ja,"Muéstreme el libro, por favor.",本を見せてください。,[],N5,2,peticiones,comunicacion,te_kudasai,を,,,,,,cortés,pedir_accion,presente,afirmativa,declarativa,Práctica JLPT N5 contextualizada.,,false,true,3.0
JAES-N5-MORE-0162,ja,es,ja_es,新聞を見せてください。,"Muéstreme el periódico, por favor.",[],N5,3,peticiones,comunicacion,te_kudasai,を,,,,,,cortés,pedir_accion,presente,afirmativa,declarativa,Práctica JLPT N5 contextualizada.,,false,true,3.0
ESJA-N5-MORE-0162,es,ja,es_ja,"Muéstreme el periódico, por favor.",新聞を見せてください。,[],N5,3,peticiones,comunicacion,te_kudasai,を,,,,,,cortés,pedir_accion,presente,afirmativa,declarativa,Práctica JLPT N5 contextualizada.,,false,true,3.0
JAES-N5-MORE-0163,ja,es,ja_es,手紙を見せてください。,"Muéstreme el carta, por favor.",[],N5,4,peticiones,comunicacion,te_kudasai,を,,,,,,cortés,pedir_accion,presente,afirmativa,declarativa,Práctica JLPT N5 contextualizada.,,false,true,3.0
ESJA-N5-MORE-0163,es,ja,es_ja,"Muéstreme el carta, por favor.",手紙を見せてください。,[],N5,4,peticiones,comunicacion,te_kudasai,を,,,,,,cortés,pedir_accion,presente,afirmativa,declarativa,Práctica JLPT N5 contextualizada.,,false,true,3.0
JAES-N5-MORE-0164,ja,es,ja_es,写真を見せてください。,"Muéstreme el foto, por favor.",[],N5,1,peticiones,comunicacion,te_kudasai,を,,,,,,cortés,pedir_accion,presente,afirmativa,declarativa,Práctica JLPT N5 contextualizada.,,false,true,3.0
ESJA-N5-MORE-0164,es,ja,es_ja,"Muéstreme el foto, por favor.",写真を見せてください。,[],N5,1,peticiones,comunicacion,te_kudasai,を,,,,,,cortés,pedir_accion,presente,afirmativa,declarativa,Práctica JLPT N5 contextualizada.,,false,true,3.0
JAES-N5-MORE-0165,ja,es,ja_es,切符を見せてください。,"Muéstreme el billete, por favor.",[],N5,2,peticiones,comunicacion,te_kudasai,を,,,,,,cortés,pedir_accion,presente,afirmativa,declarativa,Práctica JLPT N5 contextualizada.,,false,true,3.0
ESJA-N5-MORE-0165,es,ja,es_ja,"Muéstreme el billete, por favor.",切符を見せてください。,[],N5,2,peticiones,comunicacion,te_kudasai,を,,,,,,cortés,pedir_accion,presente,afirmativa,declarativa,Práctica JLPT N5 contextualizada.,,false,true,3.0
JAES-N5-MORE-0166,ja,es,ja_es,地図を見せてください。,"Muéstreme el mapa, por favor.",[],N5,3,peticiones,comunicacion,te_kudasai,を,,,,,,cortés,pedir_accion,presente,afirmativa,declarativa,Práctica JLPT N5 contextualizada.,,false,true,3.0
ESJA-N5-MORE-0166,es,ja,es_ja,"Muéstreme el mapa, por favor.",地図を見せてください。,[],N5,3,peticiones,comunicacion,te_kudasai,を,,,,,,cortés,pedir_accion,presente,afirmativa,declarativa,Práctica JLPT N5 contextualizada.,,false,true,3.0
JAES-N5-MORE-0167,ja,es,ja_es,傘を見せてください。,"Muéstreme el paraguas, por favor.",[],N5,4,peticiones,comunicacion,te_kudasai,を,,,,,,cortés,pedir_accion,presente,afirmativa,declarativa,Práctica JLPT N5 contextualizada.,,false,true,3.0
ESJA-N5-MORE-0167,es,ja,es_ja,"Muéstreme el paraguas, por favor.",傘を見せてください。,[],N5,4,peticiones,comunicacion,te_kudasai,を,,,,,,cortés,pedir_accion,presente,afirmativa,declarativa,Práctica JLPT N5 contextualizada.,,false,true,3.0
JAES-N5-MORE-0168,ja,es,ja_es,辞書を見せてください。,"Muéstreme el diccionario, por favor.",[],N5,1,peticiones,comunicacion,te_kudasai,を,,,,,,cortés,pedir_accion,presente,afirmativa,declarativa,Práctica JLPT N5 contextualizada.,,false,true,3.0
ESJA-N5-MORE-0168,es,ja,es_ja,"Muéstreme el diccionario, por favor.",辞書を見せてください。,[],N5,1,peticiones,comunicacion,te_kudasai,を,,,,,,cortés,pedir_accion,presente,afirmativa,declarativa,Práctica JLPT N5 contextualizada.,,false,true,3.0
JAES-N5-MORE-0169,ja,es,ja_es,かばんを見せてください。,"Muéstreme el bolso, por favor.",[],N5,2,peticiones,comunicacion,te_kudasai,を,,,,,,cortés,pedir_accion,presente,afirmativa,declarativa,Práctica JLPT N5 contextualizada.,,false,true,3.0
ESJA-N5-MORE-0169,es,ja,es_ja,"Muéstreme el bolso, por favor.",かばんを見せてください。,[],N5,2,peticiones,comunicacion,te_kudasai,を,,,,,,cortés,pedir_accion,presente,afirmativa,declarativa,Práctica JLPT N5 contextualizada.,,false,true,3.0
JAES-N5-MORE-0170,ja,es,ja_es,ノートを見せてください。,"Muéstreme el cuaderno, por favor.",[],N5,3,peticiones,comunicacion,te_kudasai,を,,,,,,cortés,pedir_accion,presente,afirmativa,declarativa,Práctica JLPT N5 contextualizada.,,true,true,3.0
ESJA-N5-MORE-0170,es,ja,es_ja,"Muéstreme el cuaderno, por favor.",ノートを見せてください。,[],N5,3,peticiones,comunicacion,te_kudasai,を,,,,,,cortés,pedir_accion,presente,afirmativa,declarativa,Práctica JLPT N5 contextualizada.,,true,true,3.0
JAES-N5-MORE-0171,ja,es,ja_es,学校で写真を撮ってもいいですか。,¿Puedo hacer fotos en la escuela?,[],N5,4,permiso,lugares_publicos,te_mo_ii,で,,,,,,cortés,pedir_permiso,presente,afirmativa,interrogativa,Práctica JLPT N5 contextualizada.,,false,true,3.0
ESJA-N5-MORE-0171,es,ja,es_ja,¿Puedo hacer fotos en la escuela?,学校で写真を撮ってもいいですか。,[],N5,4,permiso,lugares_publicos,te_mo_ii,で,,,,,,cortés,pedir_permiso,presente,afirmativa,interrogativa,Práctica JLPT N5 contextualizada.,,false,true,3.0
JAES-N5-MORE-0172,ja,es,ja_es,図書館で写真を撮ってもいいですか。,¿Puedo hacer fotos en la biblioteca?,[],N5,1,permiso,lugares_publicos,te_mo_ii,で,,,,,,cortés,pedir_permiso,presente,afirmativa,interrogativa,Práctica JLPT N5 contextualizada.,,false,true,3.0
ESJA-N5-MORE-0172,es,ja,es_ja,¿Puedo hacer fotos en la biblioteca?,図書館で写真を撮ってもいいですか。,[],N5,1,permiso,lugares_publicos,te_mo_ii,で,,,,,,cortés,pedir_permiso,presente,afirmativa,interrogativa,Práctica JLPT N5 contextualizada.,,false,true,3.0
JAES-N5-MORE-0173,ja,es,ja_es,駅で写真を撮ってもいいですか。,¿Puedo hacer fotos en la estación?,[],N5,2,permiso,lugares_publicos,te_mo_ii,で,,,,,,cortés,pedir_permiso,presente,afirmativa,interrogativa,Práctica JLPT N5 contextualizada.,,false,true,3.0
ESJA-N5-MORE-0173,es,ja,es_ja,¿Puedo hacer fotos en la estación?,駅で写真を撮ってもいいですか。,[],N5,2,permiso,lugares_publicos,te_mo_ii,で,,,,,,cortés,pedir_permiso,presente,afirmativa,interrogativa,Práctica JLPT N5 contextualizada.,,false,true,3.0
JAES-N5-MORE-0174,ja,es,ja_es,公園で写真を撮ってもいいですか。,¿Puedo hacer fotos en el parque?,[],N5,3,permiso,lugares_publicos,te_mo_ii,で,,,,,,cortés,pedir_permiso,presente,afirmativa,interrogativa,Práctica JLPT N5 contextualizada.,,false,true,3.0
ESJA-N5-MORE-0174,es,ja,es_ja,¿Puedo hacer fotos en el parque?,公園で写真を撮ってもいいですか。,[],N5,3,permiso,lugares_publicos,te_mo_ii,で,,,,,,cortés,pedir_permiso,presente,afirmativa,interrogativa,Práctica JLPT N5 contextualizada.,,false,true,3.0
JAES-N5-MORE-0175,ja,es,ja_es,会社で写真を撮ってもいいですか。,¿Puedo hacer fotos en la oficina?,[],N5,4,permiso,lugares_publicos,te_mo_ii,で,,,,,,cortés,pedir_permiso,presente,afirmativa,interrogativa,Práctica JLPT N5 contextualizada.,,false,true,3.0
ESJA-N5-MORE-0175,es,ja,es_ja,¿Puedo hacer fotos en la oficina?,会社で写真を撮ってもいいですか。,[],N5,4,permiso,lugares_publicos,te_mo_ii,で,,,,,,cortés,pedir_permiso,presente,afirmativa,interrogativa,Práctica JLPT N5 contextualizada.,,false,true,3.0
JAES-N5-MORE-0176,ja,es,ja_es,銀行で写真を撮ってもいいですか。,¿Puedo hacer fotos en el banco?,[],N5,1,permiso,lugares_publicos,te_mo_ii,で,,,,,,cortés,pedir_permiso,presente,afirmativa,interrogativa,Práctica JLPT N5 contextualizada.,,false,true,3.0
ESJA-N5-MORE-0176,es,ja,es_ja,¿Puedo hacer fotos en el banco?,銀行で写真を撮ってもいいですか。,[],N5,1,permiso,lugares_publicos,te_mo_ii,で,,,,,,cortés,pedir_permiso,presente,afirmativa,interrogativa,Práctica JLPT N5 contextualizada.,,false,true,3.0
JAES-N5-MORE-0177,ja,es,ja_es,郵便局で写真を撮ってもいいですか。,¿Puedo hacer fotos en correos?,[],N5,2,permiso,lugares_publicos,te_mo_ii,で,,,,,,cortés,pedir_permiso,presente,afirmativa,interrogativa,Práctica JLPT N5 contextualizada.,,false,true,3.0
ESJA-N5-MORE-0177,es,ja,es_ja,¿Puedo hacer fotos en correos?,郵便局で写真を撮ってもいいですか。,[],N5,2,permiso,lugares_publicos,te_mo_ii,で,,,,,,cortés,pedir_permiso,presente,afirmativa,interrogativa,Práctica JLPT N5 contextualizada.,,false,true,3.0
JAES-N5-MORE-0178,ja,es,ja_es,病院で写真を撮ってもいいですか。,¿Puedo hacer fotos en el hospital?,[],N5,3,permiso,lugares_publicos,te_mo_ii,で,,,,,,cortés,pedir_permiso,presente,afirmativa,interrogativa,Práctica JLPT N5 contextualizada.,,false,true,3.0
ESJA-N5-MORE-0178,es,ja,es_ja,¿Puedo hacer fotos en el hospital?,病院で写真を撮ってもいいですか。,[],N5,3,permiso,lugares_publicos,te_mo_ii,で,,,,,,cortés,pedir_permiso,presente,afirmativa,interrogativa,Práctica JLPT N5 contextualizada.,,false,true,3.0
JAES-N5-MORE-0179,ja,es,ja_es,スーパーで写真を撮ってもいいですか。,¿Puedo hacer fotos en el supermercado?,[],N5,4,permiso,lugares_publicos,te_mo_ii,で,,,,,,cortés,pedir_permiso,presente,afirmativa,interrogativa,Práctica JLPT N5 contextualizada.,,false,true,3.0
ESJA-N5-MORE-0179,es,ja,es_ja,¿Puedo hacer fotos en el supermercado?,スーパーで写真を撮ってもいいですか。,[],N5,4,permiso,lugares_publicos,te_mo_ii,で,,,,,,cortés,pedir_permiso,presente,afirmativa,interrogativa,Práctica JLPT N5 contextualizada.,,false,true,3.0
JAES-N5-MORE-0180,ja,es,ja_es,レストランで写真を撮ってもいいですか。,¿Puedo hacer fotos en el restaurante?,[],N5,1,permiso,lugares_publicos,te_mo_ii,で,,,,,,cortés,pedir_permiso,presente,afirmativa,interrogativa,Práctica JLPT N5 contextualizada.,,true,true,3.0
ESJA-N5-MORE-0180,es,ja,es_ja,¿Puedo hacer fotos en el restaurante?,レストランで写真を撮ってもいいですか。,[],N5,1,permiso,lugares_publicos,te_mo_ii,で,,,,,,cortés,pedir_permiso,presente,afirmativa,interrogativa,Práctica JLPT N5 contextualizada.,,true,true,3.0
JAES-N5-MORE-0181,ja,es,ja_es,学校で食べてはいけません。,No se puede comer en la escuela.,[],N5,2,normas,lugares_publicos,te_wa_ikemasen,で,,,,,,cortés,expresar_prohibicion,presente,negativa,declarativa,Práctica JLPT N5 contextualizada.,,false,true,3.0
ESJA-N5-MORE-0181,es,ja,es_ja,No se puede comer en la escuela.,学校で食べてはいけません。,[],N5,2,normas,lugares_publicos,te_wa_ikemasen,で,,,,,,cortés,expresar_prohibicion,presente,negativa,declarativa,Práctica JLPT N5 contextualizada.,,false,true,3.0
JAES-N5-MORE-0182,ja,es,ja_es,図書館で食べてはいけません。,No se puede comer en la biblioteca.,[],N5,3,normas,lugares_publicos,te_wa_ikemasen,で,,,,,,cortés,expresar_prohibicion,presente,negativa,declarativa,Práctica JLPT N5 contextualizada.,,false,true,3.0
ESJA-N5-MORE-0182,es,ja,es_ja,No se puede comer en la biblioteca.,図書館で食べてはいけません。,[],N5,3,normas,lugares_publicos,te_wa_ikemasen,で,,,,,,cortés,expresar_prohibicion,presente,negativa,declarativa,Práctica JLPT N5 contextualizada.,,false,true,3.0
JAES-N5-MORE-0183,ja,es,ja_es,駅で食べてはいけません。,No se puede comer en la estación.,[],N5,4,normas,lugares_publicos,te_wa_ikemasen,で,,,,,,cortés,expresar_prohibicion,presente,negativa,declarativa,Práctica JLPT N5 contextualizada.,,false,true,3.0
ESJA-N5-MORE-0183,es,ja,es_ja,No se puede comer en la estación.,駅で食べてはいけません。,[],N5,4,normas,lugares_publicos,te_wa_ikemasen,で,,,,,,cortés,expresar_prohibicion,presente,negativa,declarativa,Práctica JLPT N5 contextualizada.,,false,true,3.0
JAES-N5-MORE-0184,ja,es,ja_es,公園で食べてはいけません。,No se puede comer en el parque.,[],N5,1,normas,lugares_publicos,te_wa_ikemasen,で,,,,,,cortés,expresar_prohibicion,presente,negativa,declarativa,Práctica JLPT N5 contextualizada.,,false,true,3.0
ESJA-N5-MORE-0184,es,ja,es_ja,No se puede comer en el parque.,公園で食べてはいけません。,[],N5,1,normas,lugares_publicos,te_wa_ikemasen,で,,,,,,cortés,expresar_prohibicion,presente,negativa,declarativa,Práctica JLPT N5 contextualizada.,,false,true,3.0
JAES-N5-MORE-0185,ja,es,ja_es,会社で食べてはいけません。,No se puede comer en la oficina.,[],N5,2,normas,lugares_publicos,te_wa_ikemasen,で,,,,,,cortés,expresar_prohibicion,presente,negativa,declarativa,Práctica JLPT N5 contextualizada.,,false,true,3.0
ESJA-N5-MORE-0185,es,ja,es_ja,No se puede comer en la oficina.,会社で食べてはいけません。,[],N5,2,normas,lugares_publicos,te_wa_ikemasen,で,,,,,,cortés,expresar_prohibicion,presente,negativa,declarativa,Práctica JLPT N5 contextualizada.,,false,true,3.0
JAES-N5-MORE-0186,ja,es,ja_es,銀行で食べてはいけません。,No se puede comer en el banco.,[],N5,3,normas,lugares_publicos,te_wa_ikemasen,で,,,,,,cortés,expresar_prohibicion,presente,negativa,declarativa,Práctica JLPT N5 contextualizada.,,false,true,3.0
ESJA-N5-MORE-0186,es,ja,es_ja,No se puede comer en el banco.,銀行で食べてはいけません。,[],N5,3,normas,lugares_publicos,te_wa_ikemasen,で,,,,,,cortés,expresar_prohibicion,presente,negativa,declarativa,Práctica JLPT N5 contextualizada.,,false,true,3.0
JAES-N5-MORE-0187,ja,es,ja_es,郵便局で食べてはいけません。,No se puede comer en correos.,[],N5,4,normas,lugares_publicos,te_wa_ikemasen,で,,,,,,cortés,expresar_prohibicion,presente,negativa,declarativa,Práctica JLPT N5 contextualizada.,,false,true,3.0
ESJA-N5-MORE-0187,es,ja,es_ja,No se puede comer en correos.,郵便局で食べてはいけません。,[],N5,4,normas,lugares_publicos,te_wa_ikemasen,で,,,,,,cortés,expresar_prohibicion,presente,negativa,declarativa,Práctica JLPT N5 contextualizada.,,false,true,3.0
JAES-N5-MORE-0188,ja,es,ja_es,病院で食べてはいけません。,No se puede comer en el hospital.,[],N5,1,normas,lugares_publicos,te_wa_ikemasen,で,,,,,,cortés,expresar_prohibicion,presente,negativa,declarativa,Práctica JLPT N5 contextualizada.,,false,true,3.0
ESJA-N5-MORE-0188,es,ja,es_ja,No se puede comer en el hospital.,病院で食べてはいけません。,[],N5,1,normas,lugares_publicos,te_wa_ikemasen,で,,,,,,cortés,expresar_prohibicion,presente,negativa,declarativa,Práctica JLPT N5 contextualizada.,,false,true,3.0
JAES-N5-MORE-0189,ja,es,ja_es,スーパーで食べてはいけません。,No se puede comer en el supermercado.,[],N5,2,normas,lugares_publicos,te_wa_ikemasen,で,,,,,,cortés,expresar_prohibicion,presente,negativa,declarativa,Práctica JLPT N5 contextualizada.,,false,true,3.0
ESJA-N5-MORE-0189,es,ja,es_ja,No se puede comer en el supermercado.,スーパーで食べてはいけません。,[],N5,2,normas,lugares_publicos,te_wa_ikemasen,で,,,,,,cortés,expresar_prohibicion,presente,negativa,declarativa,Práctica JLPT N5 contextualizada.,,false,true,3.0
JAES-N5-MORE-0190,ja,es,ja_es,レストランで食べてはいけません。,No se puede comer en el restaurante.,[],N5,3,normas,lugares_publicos,te_wa_ikemasen,で,,,,,,cortés,expresar_prohibicion,presente,negativa,declarativa,Práctica JLPT N5 contextualizada.,,true,true,3.0
ESJA-N5-MORE-0190,es,ja,es_ja,No se puede comer en el restaurante.,レストランで食べてはいけません。,[],N5,3,normas,lugares_publicos,te_wa_ikemasen,で,,,,,,cortés,expresar_prohibicion,presente,negativa,declarativa,Práctica JLPT N5 contextualizada.,,true,true,3.0
JAES-N5-MORE-0191,ja,es,ja_es,本は新聞より大きいです。,El libro es más grande que el periódico.,[],N5,4,comparacion,vida_diaria,yori_comparison,より|は,,,,,,cortés,comparar,presente,afirmativa,declarativa,Práctica JLPT N5 contextualizada.,,false,true,3.0
ESJA-N5-MORE-0191,es,ja,es_ja,El libro es más grande que el periódico.,本は新聞より大きいです。,[],N5,4,comparacion,vida_diaria,yori_comparison,より|は,,,,,,cortés,comparar,presente,afirmativa,declarativa,Práctica JLPT N5 contextualizada.,,false,true,3.0
JAES-N5-MORE-0192,ja,es,ja_es,新聞は手紙より小さいです。,El periódico es más pequeño que el carta.,[],N5,1,comparacion,vida_diaria,yori_comparison,より|は,,,,,,cortés,comparar,presente,afirmativa,declarativa,Práctica JLPT N5 contextualizada.,,false,true,3.0
ESJA-N5-MORE-0192,es,ja,es_ja,El periódico es más pequeño que el carta.,新聞は手紙より小さいです。,[],N5,1,comparacion,vida_diaria,yori_comparison,より|は,,,,,,cortés,comparar,presente,afirmativa,declarativa,Práctica JLPT N5 contextualizada.,,false,true,3.0
JAES-N5-MORE-0193,ja,es,ja_es,手紙は写真より新しいです。,El carta es más nuevo que el foto.,[],N5,2,comparacion,vida_diaria,yori_comparison,より|は,,,,,,cortés,comparar,presente,afirmativa,declarativa,Práctica JLPT N5 contextualizada.,,false,true,3.0
ESJA-N5-MORE-0193,es,ja,es_ja,El carta es más nuevo que el foto.,手紙は写真より新しいです。,[],N5,2,comparacion,vida_diaria,yori_comparison,より|は,,,,,,cortés,comparar,presente,afirmativa,declarativa,Práctica JLPT N5 contextualizada.,,false,true,3.0
JAES-N5-MORE-0194,ja,es,ja_es,写真は切符より古いです。,El foto es más antiguo que el billete.,[],N5,3,comparacion,vida_diaria,yori_comparison,より|は,,,,,,cortés,comparar,presente,afirmativa,declarativa,Práctica JLPT N5 contextualizada.,,false,true,3.0
ESJA-N5-MORE-0194,es,ja,es_ja,El foto es más antiguo que el billete.,写真は切符より古いです。,[],N5,3,comparacion,vida_diaria,yori_comparison,より|は,,,,,,cortés,comparar,presente,afirmativa,declarativa,Práctica JLPT N5 contextualizada.,,false,true,3.0
JAES-N5-MORE-0195,ja,es,ja_es,切符は地図より高いです。,El billete es más caro que el mapa.,[],N5,4,comparacion,vida_diaria,yori_comparison,より|は,,,,,,cortés,comparar,presente,afirmativa,declarativa,Práctica JLPT N5 contextualizada.,,false,true,3.0
ESJA-N5-MORE-0195,es,ja,es_ja,El billete es más caro que el mapa.,切符は地図より高いです。,[],N5,4,comparacion,vida_diaria,yori_comparison,より|は,,,,,,cortés,comparar,presente,afirmativa,declarativa,Práctica JLPT N5 contextualizada.,,false,true,3.0
JAES-N5-MORE-0196,ja,es,ja_es,地図は傘より安いです。,El mapa es más barato que el paraguas.,[],N5,1,comparacion,vida_diaria,yori_comparison,より|は,,,,,,cortés,comparar,presente,afirmativa,declarativa,Práctica JLPT N5 contextualizada.,,false,true,3.0
ESJA-N5-MORE-0196,es,ja,es_ja,El mapa es más barato que el paraguas.,地図は傘より安いです。,[],N5,1,comparacion,vida_diaria,yori_comparison,より|は,,,,,,cortés,comparar,presente,afirmativa,declarativa,Práctica JLPT N5 contextualizada.,,false,true,3.0
JAES-N5-MORE-0197,ja,es,ja_es,傘は辞書より面白いです。,El paraguas es más interesante que el diccionario.,[],N5,2,comparacion,vida_diaria,yori_comparison,より|は,,,,,,cortés,comparar,presente,afirmativa,declarativa,Práctica JLPT N5 contextualizada.,,false,true,3.0
ESJA-N5-MORE-0197,es,ja,es_ja,El paraguas es más interesante que el diccionario.,傘は辞書より面白いです。,[],N5,2,comparacion,vida_diaria,yori_comparison,より|は,,,,,,cortés,comparar,presente,afirmativa,declarativa,Práctica JLPT N5 contextualizada.,,false,true,3.0
JAES-N5-MORE-0198,ja,es,ja_es,辞書はかばんより難しいです。,El diccionario es más difícil que el bolso.,[],N5,3,comparacion,vida_diaria,yori_comparison,より|は,,,,,,cortés,comparar,presente,afirmativa,declarativa,Práctica JLPT N5 contextualizada.,,false,true,3.0
ESJA-N5-MORE-0198,es,ja,es_ja,El diccionario es más difícil que el bolso.,辞書はかばんより難しいです。,[],N5,3,comparacion,vida_diaria,yori_comparison,より|は,,,,,,cortés,comparar,presente,afirmativa,declarativa,Práctica JLPT N5 contextualizada.,,false,true,3.0
JAES-N5-MORE-0199,ja,es,ja_es,かばんはノートより静かです。,El bolso es más tranquilo que el cuaderno.,[],N5,4,comparacion,vida_diaria,yori_comparison,より|は,,,,,,cortés,comparar,presente,afirmativa,declarativa,Práctica JLPT N5 contextualizada.,,false,true,3.0
ESJA-N5-MORE-0199,es,ja,es_ja,El bolso es más tranquilo que el cuaderno.,かばんはノートより静かです。,[],N5,4,comparacion,vida_diaria,yori_comparison,より|は,,,,,,cortés,comparar,presente,afirmativa,declarativa,Práctica JLPT N5 contextualizada.,,false,true,3.0
JAES-N5-MORE-0200,ja,es,ja_es,ノートは本より便利です。,El cuaderno es más práctico que el libro.,[],N5,1,comparacion,vida_diaria,yori_comparison,より|は,,,,,,cortés,comparar,presente,afirmativa,declarativa,Práctica JLPT N5 contextualizada.,,true,true,3.0
ESJA-N5-MORE-0200,es,ja,es_ja,El cuaderno es más práctico que el libro.,ノートは本より便利です。,[],N5,1,comparacion,vida_diaria,yori_comparison,より|は,,,,,,cortés,comparar,presente,afirmativa,declarativa,Práctica JLPT N5 contextualizada.,,true,true,3.0
JAES-N5-MORE-0201,ja,es,ja_es,月曜日はよく学校で日本語を勉強します,el lunes a menudo estudio japonés en la escuela.,[],N5,2,frecuencia|rutina,vida_diaria,frequency_adverb,で,,,,,,cortés,expresar_frecuencia,presente,afirmativa,declarativa,Práctica JLPT N5 contextualizada.,,false,true,3.0
ESJA-N5-MORE-0201,es,ja,es_ja,el lunes a menudo estudio japonés en la escuela.,月曜日はよく学校で日本語を勉強します,[],N5,2,frecuencia|rutina,vida_diaria,frequency_adverb,で,,,,,,cortés,expresar_frecuencia,presente,afirmativa,declarativa,Práctica JLPT N5 contextualizada.,,false,true,3.0
JAES-N5-MORE-0202,ja,es,ja_es,火曜日はよく図書館で本を読みます,el martes a menudo leo un libro en la biblioteca.,[],N5,3,frecuencia|rutina,vida_diaria,frequency_adverb,で,,,,,,cortés,expresar_frecuencia,presente,afirmativa,declarativa,Práctica JLPT N5 contextualizada.,,false,true,3.0
ESJA-N5-MORE-0202,es,ja,es_ja,el martes a menudo leo un libro en la biblioteca.,火曜日はよく図書館で本を読みます,[],N5,3,frecuencia|rutina,vida_diaria,frequency_adverb,で,,,,,,cortés,expresar_frecuencia,presente,afirmativa,declarativa,Práctica JLPT N5 contextualizada.,,false,true,3.0
JAES-N5-MORE-0203,ja,es,ja_es,水曜日はよく駅で音楽を聞きます,el miércoles a menudo escucho música en la estación.,[],N5,4,frecuencia|rutina,vida_diaria,frequency_adverb,で,,,,,,cortés,expresar_frecuencia,presente,afirmativa,declarativa,Práctica JLPT N5 contextualizada.,,false,true,3.0
ESJA-N5-MORE-0203,es,ja,es_ja,el miércoles a menudo escucho música en la estación.,水曜日はよく駅で音楽を聞きます,[],N5,4,frecuencia|rutina,vida_diaria,frequency_adverb,で,,,,,,cortés,expresar_frecuencia,presente,afirmativa,declarativa,Práctica JLPT N5 contextualizada.,,false,true,3.0
JAES-N5-MORE-0204,ja,es,ja_es,木曜日はよく公園で映画を見ます,el jueves a menudo veo una película en el parque.,[],N5,1,frecuencia|rutina,vida_diaria,frequency_adverb,で,,,,,,cortés,expresar_frecuencia,presente,afirmativa,declarativa,Práctica JLPT N5 contextualizada.,,false,true,3.0
ESJA-N5-MORE-0204,es,ja,es_ja,el jueves a menudo veo una película en el parque.,木曜日はよく公園で映画を見ます,[],N5,1,frecuencia|rutina,vida_diaria,frequency_adverb,で,,,,,,cortés,expresar_frecuencia,presente,afirmativa,declarativa,Práctica JLPT N5 contextualizada.,,false,true,3.0
JAES-N5-MORE-0205,ja,es,ja_es,金曜日はよく会社で料理をします,el viernes a menudo cocino en la oficina.,[],N5,2,frecuencia|rutina,vida_diaria,frequency_adverb,で,,,,,,cortés,expresar_frecuencia,presente,afirmativa,declarativa,Práctica JLPT N5 contextualizada.,,false,true,3.0
ESJA-N5-MORE-0205,es,ja,es_ja,el viernes a menudo cocino en la oficina.,金曜日はよく会社で料理をします,[],N5,2,frecuencia|rutina,vida_diaria,frequency_adverb,で,,,,,,cortés,expresar_frecuencia,presente,afirmativa,declarativa,Práctica JLPT N5 contextualizada.,,false,true,3.0
JAES-N5-MORE-0206,ja,es,ja_es,土曜日はよく銀行で写真を撮ります,el sábado a menudo hago fotos en el banco.,[],N5,3,frecuencia|rutina,vida_diaria,frequency_adverb,で,,,,,,cortés,expresar_frecuencia,presente,afirmativa,declarativa,Práctica JLPT N5 contextualizada.,,false,true,3.0
ESJA-N5-MORE-0206,es,ja,es_ja,el sábado a menudo hago fotos en el banco.,土曜日はよく銀行で写真を撮ります,[],N5,3,frecuencia|rutina,vida_diaria,frequency_adverb,で,,,,,,cortés,expresar_frecuencia,presente,afirmativa,declarativa,Práctica JLPT N5 contextualizada.,,false,true,3.0
JAES-N5-MORE-0207,ja,es,ja_es,日曜日はよく郵便局で手紙を書きます,el domingo a menudo escribo una carta en correos.,[],N5,4,frecuencia|rutina,vida_diaria,frequency_adverb,で,,,,,,cortés,expresar_frecuencia,presente,afirmativa,declarativa,Práctica JLPT N5 contextualizada.,,false,true,3.0
ESJA-N5-MORE-0207,es,ja,es_ja,el domingo a menudo escribo una carta en correos.,日曜日はよく郵便局で手紙を書きます,[],N5,4,frecuencia|rutina,vida_diaria,frequency_adverb,で,,,,,,cortés,expresar_frecuencia,presente,afirmativa,declarativa,Práctica JLPT N5 contextualizada.,,false,true,3.0
JAES-N5-MORE-0208,ja,es,ja_es,毎朝はよく病院で買い物をします,cada mañana a menudo hago compras en el hospital.,[],N5,1,frecuencia|rutina,vida_diaria,frequency_adverb,で,,,,,,cortés,expresar_frecuencia,presente,afirmativa,declarativa,Práctica JLPT N5 contextualizada.,,false,true,3.0
ESJA-N5-MORE-0208,es,ja,es_ja,cada mañana a menudo hago compras en el hospital.,毎朝はよく病院で買い物をします,[],N5,1,frecuencia|rutina,vida_diaria,frequency_adverb,で,,,,,,cortés,expresar_frecuencia,presente,afirmativa,declarativa,Práctica JLPT N5 contextualizada.,,false,true,3.0
JAES-N5-MORE-0209,ja,es,ja_es,毎晩はよくスーパーで散歩します,cada noche a menudo doy un paseo en el supermercado.,[],N5,2,frecuencia|rutina,vida_diaria,frequency_adverb,で,,,,,,cortés,expresar_frecuencia,presente,afirmativa,declarativa,Práctica JLPT N5 contextualizada.,,false,true,3.0
ESJA-N5-MORE-0209,es,ja,es_ja,cada noche a menudo doy un paseo en el supermercado.,毎晩はよくスーパーで散歩します,[],N5,2,frecuencia|rutina,vida_diaria,frequency_adverb,で,,,,,,cortés,expresar_frecuencia,presente,afirmativa,declarativa,Práctica JLPT N5 contextualizada.,,false,true,3.0
JAES-N5-MORE-0210,ja,es,ja_es,週末はよくレストランでテニスをします,el fin de semana a menudo juego al tenis en el restaurante.,[],N5,3,frecuencia|rutina,vida_diaria,frequency_adverb,で,,,,,,cortés,expresar_frecuencia,presente,afirmativa,declarativa,Práctica JLPT N5 contextualizada.,,true,true,3.0
ESJA-N5-MORE-0210,es,ja,es_ja,el fin de semana a menudo juego al tenis en el restaurante.,週末はよくレストランでテニスをします,[],N5,3,frecuencia|rutina,vida_diaria,frequency_adverb,で,,,,,,cortés,expresar_frecuencia,presente,afirmativa,declarativa,Práctica JLPT N5 contextualizada.,,true,true,3.0
JAES-N5-MORE-0211,ja,es,ja_es,この本は父のです。,Este libro es de mi padre.,[],N5,4,posesion|familia,casa,no_possession,の|です,,,,,,cortés,indicar_posesion,presente,afirmativa,declarativa,Práctica JLPT N5 contextualizada.,,false,true,3.0
ESJA-N5-MORE-0211,es,ja,es_ja,Este libro es de mi padre.,この本は父のです。,[],N5,4,posesion|familia,casa,no_possession,の|です,,,,,,cortés,indicar_posesion,presente,afirmativa,declarativa,Práctica JLPT N5 contextualizada.,,false,true,3.0
JAES-N5-MORE-0212,ja,es,ja_es,この新聞は母のです。,Este periódico es de mi madre.,[],N5,1,posesion|familia,casa,no_possession,の|です,,,,,,cortés,indicar_posesion,presente,afirmativa,declarativa,Práctica JLPT N5 contextualizada.,,false,true,3.0
ESJA-N5-MORE-0212,es,ja,es_ja,Este periódico es de mi madre.,この新聞は母のです。,[],N5,1,posesion|familia,casa,no_possession,の|です,,,,,,cortés,indicar_posesion,presente,afirmativa,declarativa,Práctica JLPT N5 contextualizada.,,false,true,3.0
JAES-N5-MORE-0213,ja,es,ja_es,この手紙は兄のです。,Este carta es de mi hermano mayor.,[],N5,2,posesion|familia,casa,no_possession,の|です,,,,,,cortés,indicar_posesion,presente,afirmativa,declarativa,Práctica JLPT N5 contextualizada.,,false,true,3.0
ESJA-N5-MORE-0213,es,ja,es_ja,Este carta es de mi hermano mayor.,この手紙は兄のです。,[],N5,2,posesion|familia,casa,no_possession,の|です,,,,,,cortés,indicar_posesion,presente,afirmativa,declarativa,Práctica JLPT N5 contextualizada.,,false,true,3.0
JAES-N5-MORE-0214,ja,es,ja_es,この写真は姉のです。,Este foto es de mi hermana mayor.,[],N5,3,posesion|familia,casa,no_possession,の|です,,,,,,cortés,indicar_posesion,presente,afirmativa,declarativa,Práctica JLPT N5 contextualizada.,,false,true,3.0
ESJA-N5-MORE-0214,es,ja,es_ja,Este foto es de mi hermana mayor.,この写真は姉のです。,[],N5,3,posesion|familia,casa,no_possession,の|です,,,,,,cortés,indicar_posesion,presente,afirmativa,declarativa,Práctica JLPT N5 contextualizada.,,false,true,3.0
JAES-N5-MORE-0215,ja,es,ja_es,この切符は弟のです。,Este billete es de mi hermano menor.,[],N5,4,posesion|familia,casa,no_possession,の|です,,,,,,cortés,indicar_posesion,presente,afirmativa,declarativa,Práctica JLPT N5 contextualizada.,,false,true,3.0
ESJA-N5-MORE-0215,es,ja,es_ja,Este billete es de mi hermano menor.,この切符は弟のです。,[],N5,4,posesion|familia,casa,no_possession,の|です,,,,,,cortés,indicar_posesion,presente,afirmativa,declarativa,Práctica JLPT N5 contextualizada.,,false,true,3.0
JAES-N5-MORE-0216,ja,es,ja_es,この地図は妹のです。,Este mapa es de mi hermana menor.,[],N5,1,posesion|familia,casa,no_possession,の|です,,,,,,cortés,indicar_posesion,presente,afirmativa,declarativa,Práctica JLPT N5 contextualizada.,,false,true,3.0
ESJA-N5-MORE-0216,es,ja,es_ja,Este mapa es de mi hermana menor.,この地図は妹のです。,[],N5,1,posesion|familia,casa,no_possession,の|です,,,,,,cortés,indicar_posesion,presente,afirmativa,declarativa,Práctica JLPT N5 contextualizada.,,false,true,3.0
JAES-N5-MORE-0217,ja,es,ja_es,この傘は祖父のです。,Este paraguas es de mi abuelo.,[],N5,2,posesion|familia,casa,no_possession,の|です,,,,,,cortés,indicar_posesion,presente,afirmativa,declarativa,Práctica JLPT N5 contextualizada.,,false,true,3.0
ESJA-N5-MORE-0217,es,ja,es_ja,Este paraguas es de mi abuelo.,この傘は祖父のです。,[],N5,2,posesion|familia,casa,no_possession,の|です,,,,,,cortés,indicar_posesion,presente,afirmativa,declarativa,Práctica JLPT N5 contextualizada.,,false,true,3.0
JAES-N5-MORE-0218,ja,es,ja_es,この辞書は祖母のです。,Este diccionario es de mi abuela.,[],N5,3,posesion|familia,casa,no_possession,の|です,,,,,,cortés,indicar_posesion,presente,afirmativa,declarativa,Práctica JLPT N5 contextualizada.,,false,true,3.0
ESJA-N5-MORE-0218,es,ja,es_ja,Este diccionario es de mi abuela.,この辞書は祖母のです。,[],N5,3,posesion|familia,casa,no_possession,の|です,,,,,,cortés,indicar_posesion,presente,afirmativa,declarativa,Práctica JLPT N5 contextualizada.,,false,true,3.0
JAES-N5-MORE-0219,ja,es,ja_es,このかばんは友達のです。,Este bolso es de mi amigo.,[],N5,4,posesion|familia,casa,no_possession,の|です,,,,,,cortés,indicar_posesion,presente,afirmativa,declarativa,Práctica JLPT N5 contextualizada.,,false,true,3.0
ESJA-N5-MORE-0219,es,ja,es_ja,Este bolso es de mi amigo.,このかばんは友達のです。,[],N5,4,posesion|familia,casa,no_possession,の|です,,,,,,cortés,indicar_posesion,presente,afirmativa,declarativa,Práctica JLPT N5 contextualizada.,,false,true,3.0
JAES-N5-MORE-0220,ja,es,ja_es,このノートは先生のです。,Este cuaderno es de mi profesor.,[],N5,1,posesion|familia,casa,no_possession,の|です,,,,,,cortés,indicar_posesion,presente,afirmativa,declarativa,Práctica JLPT N5 contextualizada.,,true,true,3.0
ESJA-N5-MORE-0220,es,ja,es_ja,Este cuaderno es de mi profesor.,このノートは先生のです。,[],N5,1,posesion|familia,casa,no_possession,の|です,,,,,,cortés,indicar_posesion,presente,afirmativa,declarativa,Práctica JLPT N5 contextualizada.,,true,true,3.0
JAES-N5-MORE-0221,ja,es,ja_es,本は学校の前にあります。,El libro está delante de la escuela.,[],N5,2,ubicacion,orientacion,location_words,の|に,,,,,,cortés,ubicar_objeto,presente,afirmativa,declarativa,Práctica JLPT N5 contextualizada.,,false,true,3.0
ESJA-N5-MORE-0221,es,ja,es_ja,El libro está delante de la escuela.,本は学校の前にあります。,[],N5,2,ubicacion,orientacion,location_words,の|に,,,,,,cortés,ubicar_objeto,presente,afirmativa,declarativa,Práctica JLPT N5 contextualizada.,,false,true,3.0
JAES-N5-MORE-0222,ja,es,ja_es,新聞は図書館の前にあります。,El periódico está delante de la biblioteca.,[],N5,3,ubicacion,orientacion,location_words,の|に,,,,,,cortés,ubicar_objeto,presente,afirmativa,declarativa,Práctica JLPT N5 contextualizada.,,false,true,3.0
ESJA-N5-MORE-0222,es,ja,es_ja,El periódico está delante de la biblioteca.,新聞は図書館の前にあります。,[],N5,3,ubicacion,orientacion,location_words,の|に,,,,,,cortés,ubicar_objeto,presente,afirmativa,declarativa,Práctica JLPT N5 contextualizada.,,false,true,3.0
JAES-N5-MORE-0223,ja,es,ja_es,手紙は駅の前にあります。,El carta está delante de la estación.,[],N5,4,ubicacion,orientacion,location_words,の|に,,,,,,cortés,ubicar_objeto,presente,afirmativa,declarativa,Práctica JLPT N5 contextualizada.,,false,true,3.0
ESJA-N5-MORE-0223,es,ja,es_ja,El carta está delante de la estación.,手紙は駅の前にあります。,[],N5,4,ubicacion,orientacion,location_words,の|に,,,,,,cortés,ubicar_objeto,presente,afirmativa,declarativa,Práctica JLPT N5 contextualizada.,,false,true,3.0
JAES-N5-MORE-0224,ja,es,ja_es,写真は公園の前にあります。,El foto está delante de el parque.,[],N5,1,ubicacion,orientacion,location_words,の|に,,,,,,cortés,ubicar_objeto,presente,afirmativa,declarativa,Práctica JLPT N5 contextualizada.,,false,true,3.0
ESJA-N5-MORE-0224,es,ja,es_ja,El foto está delante de el parque.,写真は公園の前にあります。,[],N5,1,ubicacion,orientacion,location_words,の|に,,,,,,cortés,ubicar_objeto,presente,afirmativa,declarativa,Práctica JLPT N5 contextualizada.,,false,true,3.0
JAES-N5-MORE-0225,ja,es,ja_es,切符は会社の前にあります。,El billete está delante de la oficina.,[],N5,2,ubicacion,orientacion,location_words,の|に,,,,,,cortés,ubicar_objeto,presente,afirmativa,declarativa,Práctica JLPT N5 contextualizada.,,false,true,3.0
ESJA-N5-MORE-0225,es,ja,es_ja,El billete está delante de la oficina.,切符は会社の前にあります。,[],N5,2,ubicacion,orientacion,location_words,の|に,,,,,,cortés,ubicar_objeto,presente,afirmativa,declarativa,Práctica JLPT N5 contextualizada.,,false,true,3.0
JAES-N5-MORE-0226,ja,es,ja_es,地図は銀行の前にあります。,El mapa está delante de el banco.,[],N5,3,ubicacion,orientacion,location_words,の|に,,,,,,cortés,ubicar_objeto,presente,afirmativa,declarativa,Práctica JLPT N5 contextualizada.,,false,true,3.0
ESJA-N5-MORE-0226,es,ja,es_ja,El mapa está delante de el banco.,地図は銀行の前にあります。,[],N5,3,ubicacion,orientacion,location_words,の|に,,,,,,cortés,ubicar_objeto,presente,afirmativa,declarativa,Práctica JLPT N5 contextualizada.,,false,true,3.0
JAES-N5-MORE-0227,ja,es,ja_es,傘は郵便局の前にあります。,El paraguas está delante de correos.,[],N5,4,ubicacion,orientacion,location_words,の|に,,,,,,cortés,ubicar_objeto,presente,afirmativa,declarativa,Práctica JLPT N5 contextualizada.,,false,true,3.0
ESJA-N5-MORE-0227,es,ja,es_ja,El paraguas está delante de correos.,傘は郵便局の前にあります。,[],N5,4,ubicacion,orientacion,location_words,の|に,,,,,,cortés,ubicar_objeto,presente,afirmativa,declarativa,Práctica JLPT N5 contextualizada.,,false,true,3.0
JAES-N5-MORE-0228,ja,es,ja_es,辞書は病院の前にあります。,El diccionario está delante de el hospital.,[],N5,1,ubicacion,orientacion,location_words,の|に,,,,,,cortés,ubicar_objeto,presente,afirmativa,declarativa,Práctica JLPT N5 contextualizada.,,false,true,3.0
ESJA-N5-MORE-0228,es,ja,es_ja,El diccionario está delante de el hospital.,辞書は病院の前にあります。,[],N5,1,ubicacion,orientacion,location_words,の|に,,,,,,cortés,ubicar_objeto,presente,afirmativa,declarativa,Práctica JLPT N5 contextualizada.,,false,true,3.0
JAES-N5-MORE-0229,ja,es,ja_es,かばんはスーパーの前にあります。,El bolso está delante de el supermercado.,[],N5,2,ubicacion,orientacion,location_words,の|に,,,,,,cortés,ubicar_objeto,presente,afirmativa,declarativa,Práctica JLPT N5 contextualizada.,,false,true,3.0
ESJA-N5-MORE-0229,es,ja,es_ja,El bolso está delante de el supermercado.,かばんはスーパーの前にあります。,[],N5,2,ubicacion,orientacion,location_words,の|に,,,,,,cortés,ubicar_objeto,presente,afirmativa,declarativa,Práctica JLPT N5 contextualizada.,,false,true,3.0
JAES-N5-MORE-0230,ja,es,ja_es,ノートはレストランの前にあります。,El cuaderno está delante de el restaurante.,[],N5,3,ubicacion,orientacion,location_words,の|に,,,,,,cortés,ubicar_objeto,presente,afirmativa,declarativa,Práctica JLPT N5 contextualizada.,,true,true,3.0
ESJA-N5-MORE-0230,es,ja,es_ja,El cuaderno está delante de el restaurante.,ノートはレストランの前にあります。,[],N5,3,ubicacion,orientacion,location_words,の|に,,,,,,cortés,ubicar_objeto,presente,afirmativa,declarativa,Práctica JLPT N5 contextualizada.,,true,true,3.0
JAES-N5-MORE-0231,ja,es,ja_es,月曜日だれと学校へ行きましたか。,¿Con quién fuiste a la escuela el lunes?,[],N5,4,preguntas|personas,conversacion,question_dare,と,,,,,,cortés,preguntar_persona,pasado,afirmativa,interrogativa,Práctica JLPT N5 contextualizada.,,false,true,3.0
ESJA-N5-MORE-0231,es,ja,es_ja,¿Con quién fuiste a la escuela el lunes?,月曜日だれと学校へ行きましたか。,[],N5,4,preguntas|personas,conversacion,question_dare,と,,,,,,cortés,preguntar_persona,pasado,afirmativa,interrogativa,Práctica JLPT N5 contextualizada.,,false,true,3.0
JAES-N5-MORE-0232,ja,es,ja_es,火曜日だれと図書館へ行きましたか。,¿Con quién fuiste a la biblioteca el martes?,[],N5,1,preguntas|personas,conversacion,question_dare,と,,,,,,cortés,preguntar_persona,pasado,afirmativa,interrogativa,Práctica JLPT N5 contextualizada.,,false,true,3.0
ESJA-N5-MORE-0232,es,ja,es_ja,¿Con quién fuiste a la biblioteca el martes?,火曜日だれと図書館へ行きましたか。,[],N5,1,preguntas|personas,conversacion,question_dare,と,,,,,,cortés,preguntar_persona,pasado,afirmativa,interrogativa,Práctica JLPT N5 contextualizada.,,false,true,3.0
JAES-N5-MORE-0233,ja,es,ja_es,水曜日だれと駅へ行きましたか。,¿Con quién fuiste a la estación el miércoles?,[],N5,2,preguntas|personas,conversacion,question_dare,と,,,,,,cortés,preguntar_persona,pasado,afirmativa,interrogativa,Práctica JLPT N5 contextualizada.,,false,true,3.0
ESJA-N5-MORE-0233,es,ja,es_ja,¿Con quién fuiste a la estación el miércoles?,水曜日だれと駅へ行きましたか。,[],N5,2,preguntas|personas,conversacion,question_dare,と,,,,,,cortés,preguntar_persona,pasado,afirmativa,interrogativa,Práctica JLPT N5 contextualizada.,,false,true,3.0
JAES-N5-MORE-0234,ja,es,ja_es,木曜日だれと公園へ行きましたか。,¿Con quién fuiste al parque el jueves?,[],N5,3,preguntas|personas,conversacion,question_dare,と,,,,,,cortés,preguntar_persona,pasado,afirmativa,interrogativa,Práctica JLPT N5 contextualizada.,,false,true,3.0
ESJA-N5-MORE-0234,es,ja,es_ja,¿Con quién fuiste al parque el jueves?,木曜日だれと公園へ行きましたか。,[],N5,3,preguntas|personas,conversacion,question_dare,と,,,,,,cortés,preguntar_persona,pasado,afirmativa,interrogativa,Práctica JLPT N5 contextualizada.,,false,true,3.0
JAES-N5-MORE-0235,ja,es,ja_es,金曜日だれと会社へ行きましたか。,¿Con quién fuiste a la oficina el viernes?,[],N5,4,preguntas|personas,conversacion,question_dare,と,,,,,,cortés,preguntar_persona,pasado,afirmativa,interrogativa,Práctica JLPT N5 contextualizada.,,false,true,3.0
ESJA-N5-MORE-0235,es,ja,es_ja,¿Con quién fuiste a la oficina el viernes?,金曜日だれと会社へ行きましたか。,[],N5,4,preguntas|personas,conversacion,question_dare,と,,,,,,cortés,preguntar_persona,pasado,afirmativa,interrogativa,Práctica JLPT N5 contextualizada.,,false,true,3.0
JAES-N5-MORE-0236,ja,es,ja_es,土曜日だれと銀行へ行きましたか。,¿Con quién fuiste al banco el sábado?,[],N5,1,preguntas|personas,conversacion,question_dare,と,,,,,,cortés,preguntar_persona,pasado,afirmativa,interrogativa,Práctica JLPT N5 contextualizada.,,false,true,3.0
ESJA-N5-MORE-0236,es,ja,es_ja,¿Con quién fuiste al banco el sábado?,土曜日だれと銀行へ行きましたか。,[],N5,1,preguntas|personas,conversacion,question_dare,と,,,,,,cortés,preguntar_persona,pasado,afirmativa,interrogativa,Práctica JLPT N5 contextualizada.,,false,true,3.0
JAES-N5-MORE-0237,ja,es,ja_es,日曜日だれと郵便局へ行きましたか。,¿Con quién fuiste a correos el domingo?,[],N5,2,preguntas|personas,conversacion,question_dare,と,,,,,,cortés,preguntar_persona,pasado,afirmativa,interrogativa,Práctica JLPT N5 contextualizada.,,false,true,3.0
ESJA-N5-MORE-0237,es,ja,es_ja,¿Con quién fuiste a correos el domingo?,日曜日だれと郵便局へ行きましたか。,[],N5,2,preguntas|personas,conversacion,question_dare,と,,,,,,cortés,preguntar_persona,pasado,afirmativa,interrogativa,Práctica JLPT N5 contextualizada.,,false,true,3.0
JAES-N5-MORE-0238,ja,es,ja_es,毎朝だれと病院へ行きましたか。,¿Con quién fuiste al hospital cada mañana?,[],N5,3,preguntas|personas,conversacion,question_dare,と,,,,,,cortés,preguntar_persona,pasado,afirmativa,interrogativa,Práctica JLPT N5 contextualizada.,,false,true,3.0
ESJA-N5-MORE-0238,es,ja,es_ja,¿Con quién fuiste al hospital cada mañana?,毎朝だれと病院へ行きましたか。,[],N5,3,preguntas|personas,conversacion,question_dare,と,,,,,,cortés,preguntar_persona,pasado,afirmativa,interrogativa,Práctica JLPT N5 contextualizada.,,false,true,3.0
JAES-N5-MORE-0239,ja,es,ja_es,毎晩だれとスーパーへ行きましたか。,¿Con quién fuiste al supermercado cada noche?,[],N5,4,preguntas|personas,conversacion,question_dare,と,,,,,,cortés,preguntar_persona,pasado,afirmativa,interrogativa,Práctica JLPT N5 contextualizada.,,false,true,3.0
ESJA-N5-MORE-0239,es,ja,es_ja,¿Con quién fuiste al supermercado cada noche?,毎晩だれとスーパーへ行きましたか。,[],N5,4,preguntas|personas,conversacion,question_dare,と,,,,,,cortés,preguntar_persona,pasado,afirmativa,interrogativa,Práctica JLPT N5 contextualizada.,,false,true,3.0
JAES-N5-MORE-0240,ja,es,ja_es,週末だれとレストランへ行きましたか。,¿Con quién fuiste al restaurante el fin de semana?,[],N5,1,preguntas|personas,conversacion,question_dare,と,,,,,,cortés,preguntar_persona,pasado,afirmativa,interrogativa,Práctica JLPT N5 contextualizada.,,true,true,3.0
ESJA-N5-MORE-0240,es,ja,es_ja,¿Con quién fuiste al restaurante el fin de semana?,週末だれとレストランへ行きましたか。,[],N5,1,preguntas|personas,conversacion,question_dare,と,,,,,,cortés,preguntar_persona,pasado,afirmativa,interrogativa,Práctica JLPT N5 contextualizada.,,true,true,3.0
JAES-N5-MORE-0241,ja,es,ja_es,赤い本と青い新聞と、どちらが好きですか。,"¿Qué prefieres, el libro rojo o el periódico azul?",[],N5,2,preguntas|eleccion,tienda,question_dore,が,,,,,,cortés,preguntar_preferencia,presente,afirmativa,interrogativa,Práctica JLPT N5 contextualizada.,,false,true,3.0
ESJA-N5-MORE-0241,es,ja,es_ja,"¿Qué prefieres, el libro rojo o el periódico azul?",赤い本と青い新聞と、どちらが好きですか。,[],N5,2,preguntas|eleccion,tienda,question_dore,が,,,,,,cortés,preguntar_preferencia,presente,afirmativa,interrogativa,Práctica JLPT N5 contextualizada.,,false,true,3.0
JAES-N5-MORE-0242,ja,es,ja_es,青い新聞と白い手紙と、どちらが好きですか。,"¿Qué prefieres, el periódico azul o el carta blanco?",[],N5,3,preguntas|eleccion,tienda,question_dore,が,,,,,,cortés,preguntar_preferencia,presente,afirmativa,interrogativa,Práctica JLPT N5 contextualizada.,,false,true,3.0
ESJA-N5-MORE-0242,es,ja,es_ja,"¿Qué prefieres, el periódico azul o el carta blanco?",青い新聞と白い手紙と、どちらが好きですか。,[],N5,3,preguntas|eleccion,tienda,question_dore,が,,,,,,cortés,preguntar_preferencia,presente,afirmativa,interrogativa,Práctica JLPT N5 contextualizada.,,false,true,3.0
JAES-N5-MORE-0243,ja,es,ja_es,白い手紙と黒い写真と、どちらが好きですか。,"¿Qué prefieres, el carta blanco o el foto negro?",[],N5,4,preguntas|eleccion,tienda,question_dore,が,,,,,,cortés,preguntar_preferencia,presente,afirmativa,interrogativa,Práctica JLPT N5 contextualizada.,,false,true,3.0
ESJA-N5-MORE-0243,es,ja,es_ja,"¿Qué prefieres, el carta blanco o el foto negro?",白い手紙と黒い写真と、どちらが好きですか。,[],N5,4,preguntas|eleccion,tienda,question_dore,が,,,,,,cortés,preguntar_preferencia,presente,afirmativa,interrogativa,Práctica JLPT N5 contextualizada.,,false,true,3.0
JAES-N5-MORE-0244,ja,es,ja_es,黒い写真と黄色い切符と、どちらが好きですか。,"¿Qué prefieres, el foto negro o el billete amarillo?",[],N5,1,preguntas|eleccion,tienda,question_dore,が,,,,,,cortés,preguntar_preferencia,presente,afirmativa,interrogativa,Práctica JLPT N5 contextualizada.,,false,true,3.0
ESJA-N5-MORE-0244,es,ja,es_ja,"¿Qué prefieres, el foto negro o el billete amarillo?",黒い写真と黄色い切符と、どちらが好きですか。,[],N5,1,preguntas|eleccion,tienda,question_dore,が,,,,,,cortés,preguntar_preferencia,presente,afirmativa,interrogativa,Práctica JLPT N5 contextualizada.,,false,true,3.0
JAES-N5-MORE-0245,ja,es,ja_es,黄色い切符と緑の地図と、どちらが好きですか。,"¿Qué prefieres, el billete amarillo o el mapa verde?",[],N5,2,preguntas|eleccion,tienda,question_dore,が,,,,,,cortés,preguntar_preferencia,presente,afirmativa,interrogativa,Práctica JLPT N5 contextualizada.,,false,true,3.0
ESJA-N5-MORE-0245,es,ja,es_ja,"¿Qué prefieres, el billete amarillo o el mapa verde?",黄色い切符と緑の地図と、どちらが好きですか。,[],N5,2,preguntas|eleccion,tienda,question_dore,が,,,,,,cortés,preguntar_preferencia,presente,afirmativa,interrogativa,Práctica JLPT N5 contextualizada.,,false,true,3.0
JAES-N5-MORE-0246,ja,es,ja_es,緑の地図と茶色い傘と、どちらが好きですか。,"¿Qué prefieres, el mapa verde o el paraguas marrón?",[],N5,3,preguntas|eleccion,tienda,question_dore,が,,,,,,cortés,preguntar_preferencia,presente,afirmativa,interrogativa,Práctica JLPT N5 contextualizada.,,false,true,3.0
ESJA-N5-MORE-0246,es,ja,es_ja,"¿Qué prefieres, el mapa verde o el paraguas marrón?",緑の地図と茶色い傘と、どちらが好きですか。,[],N5,3,preguntas|eleccion,tienda,question_dore,が,,,,,,cortés,preguntar_preferencia,presente,afirmativa,interrogativa,Práctica JLPT N5 contextualizada.,,false,true,3.0
JAES-N5-MORE-0247,ja,es,ja_es,茶色い傘とピンクの辞書と、どちらが好きですか。,"¿Qué prefieres, el paraguas marrón o el diccionario rosa?",[],N5,4,preguntas|eleccion,tienda,question_dore,が,,,,,,cortés,preguntar_preferencia,presente,afirmativa,interrogativa,Práctica JLPT N5 contextualizada.,,false,true,3.0
ESJA-N5-MORE-0247,es,ja,es_ja,"¿Qué prefieres, el paraguas marrón o el diccionario rosa?",茶色い傘とピンクの辞書と、どちらが好きですか。,[],N5,4,preguntas|eleccion,tienda,question_dore,が,,,,,,cortés,preguntar_preferencia,presente,afirmativa,interrogativa,Práctica JLPT N5 contextualizada.,,false,true,3.0
JAES-N5-MORE-0248,ja,es,ja_es,ピンクの辞書と灰色のかばんと、どちらが好きですか。,"¿Qué prefieres, el diccionario rosa o el bolso gris?",[],N5,1,preguntas|eleccion,tienda,question_dore,が,,,,,,cortés,preguntar_preferencia,presente,afirmativa,interrogativa,Práctica JLPT N5 contextualizada.,,false,true,3.0
ESJA-N5-MORE-0248,es,ja,es_ja,"¿Qué prefieres, el diccionario rosa o el bolso gris?",ピンクの辞書と灰色のかばんと、どちらが好きですか。,[],N5,1,preguntas|eleccion,tienda,question_dore,が,,,,,,cortés,preguntar_preferencia,presente,afirmativa,interrogativa,Práctica JLPT N5 contextualizada.,,false,true,3.0
JAES-N5-MORE-0249,ja,es,ja_es,灰色のかばんと紫のノートと、どちらが好きですか。,"¿Qué prefieres, el bolso gris o el cuaderno morado?",[],N5,2,preguntas|eleccion,tienda,question_dore,が,,,,,,cortés,preguntar_preferencia,presente,afirmativa,interrogativa,Práctica JLPT N5 contextualizada.,,false,true,3.0
ESJA-N5-MORE-0249,es,ja,es_ja,"¿Qué prefieres, el bolso gris o el cuaderno morado?",灰色のかばんと紫のノートと、どちらが好きですか。,[],N5,2,preguntas|eleccion,tienda,question_dore,が,,,,,,cortés,preguntar_preferencia,presente,afirmativa,interrogativa,Práctica JLPT N5 contextualizada.,,false,true,3.0
JAES-N5-MORE-0250,ja,es,ja_es,紫のノートと赤い本と、どちらが好きですか。,"¿Qué prefieres, el cuaderno morado o el libro rojo?",[],N5,3,preguntas|eleccion,tienda,question_dore,が,,,,,,cortés,preguntar_preferencia,presente,afirmativa,interrogativa,Práctica JLPT N5 contextualizada.,,true,true,3.0
ESJA-N5-MORE-0250,es,ja,es_ja,"¿Qué prefieres, el cuaderno morado o el libro rojo?",紫のノートと赤い本と、どちらが好きですか。,[],N5,3,preguntas|eleccion,tienda,question_dore,が,,,,,,cortés,preguntar_preferencia,presente,afirmativa,interrogativa,Práctica JLPT N5 contextualizada.,,true,true,3.0
